anilist_id,episode_title,thumbnail
185660,Episode 15 - You Won't Get Away with This!,https://img1.ak.crunchyroll.com/i/spire2-tmb/ed0cef3e966b0d5fd5e2d4112827fde91752765059_full.jpg
185660,Episode 14 - The Evil Eye,https://img1.ak.crunchyroll.com/i/spire3-tmb/94726726b14192079456dc62491fc48e1752160129_full.jpg
185660,"Episode 13 - Like, This Is the Legend of the Giant Snake",https://img1.ak.crunchyroll.com/i/spire4-tmb/18e1fa11eebd18e47332034e44605a931751553922_full.jpg
186052,Episode 3 - The Town of Lune,https://img1.ak.crunchyroll.com/i/spire3-tmb/d061fd62134e4c86674f19189f16fb541752777613_full.jpg
186052,Episode 2 - Abel the Castaway,https://img1.ak.crunchyroll.com/i/spire2-tmb/2f64cbe49c47912c838651feb9ab41b51752164138_full.jpg
186052,"Episode 1 - The Slow, But Dangerous, Life",https://img1.ak.crunchyroll.com/i/spire4-tmb/1736b775707f46501e1c0bbaead074681751558721_full.jpg
189117,Episode 14 - EARTH RACE,https://img1.ak.crunchyroll.com/i/spire1-tmb/2b6c079624473da320f75a1564b204951752759800_full.jpg
189117,Episode 13 - Watching the Same Moon,https://img1.ak.crunchyroll.com/i/spire3-tmb/59a9f1268d2776c68e1a5759df20b4c71752156995_full.jpg
189117,Episode 12 - Reunion,https://img1.ak.crunchyroll.com/i/spire1-tmb/903fb7df11440f86a55e0872d3a1b8991743078217_full.jpg
189117,Episode 11 - Those Who Know the Rules; Those Who Make Them,https://img1.ak.crunchyroll.com/i/spire3-tmb/d90a32ccf9a00477919f3741e741f3491742476048_full.jpg
189117,Episode 10 - Dirty Roads,https://img1.ak.crunchyroll.com/i/spire4-tmb/204a9df650e4579df829d8ae0527a80c1741873761_full.jpg
189117,Episode 9 - Light of Science,https://img1.ak.crunchyroll.com/i/spire1-tmb/17fc82798bdc3c91073e7b6d3ad0fe1b1741269540_full.jpg
189117,Episode 8 - LOCK ON,https://img1.ak.crunchyroll.com/i/spire1-tmb/3e3ca06285a7ec859be9e4d8b53d06c11740664890_full.jpg
189117,Episode 7 - The Two Scientists,https://img1.ak.crunchyroll.com/i/spire3-tmb/91134b5e466e9fde1c735904ff2693c41740057867_full.jpg
189117,Episode 6 - SCIENCE IS ELEGANT,https://img1.ak.crunchyroll.com/i/spire2-tmb/8415df27f04a75f75b9bde41c7c235941739456461_full.jpg
189117,Episode 5 - DOCTOR VS. DOCTOR,https://img1.ak.crunchyroll.com/i/spire1-tmb/d80e1a6d4fd77c983e4f151aa7b1b1bd1738852918_full.jpg
189117,Episode 4 - Dr. X,https://img1.ak.crunchyroll.com/i/spire2-tmb/4cd1b851f697f0b3bf8ba02a568254d91738242017_full.jpg
189117,Episode 3 - Light Trap in the Darkness,https://img1.ak.crunchyroll.com/i/spire4-tmb/9df155312fa3e38fa57884f8d84f35961737641984_full.jpg
189117,Episode 2 - SCIENCE JOURNEY,https://img1.ak.crunchyroll.com/i/spire4-tmb/0343578c673ee3bd733c234cd79fb3661737039066_full.jpg
189117,Episode 1 - RYUSUI VS. SENKU,https://img1.ak.crunchyroll.com/i/spire2-tmb/d435f370ef3e1fb3a2c606ed2abe888a1736432645_full.jpg
185544,Episode 3 - That's an Adventurer!,https://img1.ak.crunchyroll.com/i/spire1-tmb/7428c139dfe27dd198c3e88333f869981752761031_full.jpg
185544,Episode 2 - It's Crazy Delicious!,https://img1.ak.crunchyroll.com/i/spire2-tmb/150dc902313f92b4e98e352eec12781b1752156686_full.jpg
185544,Episode 1 - You Are Free,https://img1.ak.crunchyroll.com/i/spire1-tmb/4a96c0fc72483f0a0a4a56119603f1741751548075_full.jpg
185965,Episode 2 - Enjoy Going Solo,https://img1.ak.crunchyroll.com/i/spire2-tmb/6fa6028c61a5ebad3dfc46cd6bdaf9f51752765869_full.jpg
185965,Episode 1 - Pondering While Solo Camping,https://img1.ak.crunchyroll.com/i/spire1-tmb/c99a6b9ad683ffec370dca80ef36bcc91752163485_full.jpg
21,Episode 130 - Scent of Danger! the Seventh Member Is Nico Robin!,https://img1.ak.crunchyroll.com/i/spire4-tmb/d80b3fbce742e6deb4d2caf37d08ca6e1395451246_full.jpg
21,Episode 129 - It All Started On That Day! Vivi Tells the Story of Her Adventure!,https://img1.ak.crunchyroll.com/i/spire4-tmb/7952451fa68d1dabaac8ad83488c4eaf1395451132_full.jpg
21,Episode 128 - The Pirates' Banquet and Operation Escape from Alabasta!,https://img1.ak.crunchyroll.com/i/spire2-tmb/c4e3a81d230bf89f3e88dd654978d83c1395451834_full.jpg
21,Episode 127 - A Farewell to Arms! Pirates and Different Ideas of Justice!,https://img1.ak.crunchyroll.com/i/spire1-tmb/e589e3221145a17bacdcc102e8181efc1395451652_full.jpg
21,Episode 126 - I Will Surpass You! Rain Falls in Alabasta!,https://img1.ak.crunchyroll.com/i/spire3-tmb/3796f820fc47a1042253a73bee0fcd381395450881_full.jpg
21,"Episode 125 - Magnificent Wings! My Name Is Pell, Guardian Deity of the Country!",https://img1.ak.crunchyroll.com/i/spire1-tmb/6410233fd30b326746e6a397367aa70d1395451607_full.jpg
21,Episode 124 - The Nightmare Draws Near! This Is the Sand-Sand Clan's Secret Base!,https://img1.ak.crunchyroll.com/i/spire3-tmb/f37c688368d79ad91fce89f59f283da31395450861_full.jpg
21,"Episode 123 - That Looks Croc-ish! Luffy, Run to the Royal Tomb!",https://img1.ak.crunchyroll.com/i/spire3-tmb/32d07c1c15b42a9a6cbb178d96bf4de01395451444_full.jpg
21,Episode 122 - Sand Croc and Water Luffy! the Second Round of the Duel!,https://img1.ak.crunchyroll.com/i/spire4-tmb/612860faccd7ffecbfac9a41129034481395450747_full.jpg
21,Episode 121 - Where Vivi's Voice Gets Heard! the Hero Descends!,https://img1.ak.crunchyroll.com/i/spire3-tmb/063736e62a3deb2031bb32c4d883d1951395452272_full.jpg
21,Episode 120 - The Battle Is Over! Koza Raises the White Flag!,https://img1.ak.crunchyroll.com/i/spire1-tmb/f486bf9d01a1af98b5d5c27c85b4b9781395451606_full.jpg
21,Episode 119 - Secret of Powerful Swordplay! Ability to Cut Steel and the Rhythm Things Have!,https://img1.ak.crunchyroll.com/i/spire3-tmb/554423a0e3c8e19f86de5d674199fc9c1395450686_full.jpg
21,Episode 118 - Secret Passed Down in the Royal Family! the Ancient Weapon Pluton!,https://img1.ak.crunchyroll.com/i/spire4-tmb/b6888351895dc46598deb78d8d0b708c1395450706_full.jpg
21,Episode 117 - Nami's Cyclone Advisory! Clima Takt Burst!,https://img1.ak.crunchyroll.com/i/spire3-tmb/70d35cea8fe5171ed857079dffcb607b1395451231_full.jpg
21,Episode 116 - Transformed Into Nami! Bon Clay's Rapid-Fire Ballet Kenpo!,https://img1.ak.crunchyroll.com/i/spire1-tmb/0e8717d8adbd37652ffba134e1f6198c1395450676_full.jpg
21,Episode 115 - Big Opening Day Today! the Copy-Copy Montage!,https://img1.ak.crunchyroll.com/i/spire3-tmb/2a8217c029ef1e314dcf66f3c89bcb821395450639_full.jpg
21,"Episode 114 - Sworn On a Friend's Dream! the Battle of Molehill, Block 4!",https://img1.ak.crunchyroll.com/i/spire3-tmb/98a2ae43f977f28a41a6f455802a79241395451119_full.jpg
21,Episode 113 - Alubarna Grieves! the Fierce Captain Karoo!,https://img1.ak.crunchyroll.com/i/spire4-tmb/4dc9487a227cc4a0bda09fbbf68ea38b1395450635_full.jpg
21,Episode 112 - Rebel Army Vs. Royal Army! Showdown at Alubarna!,https://img1.ak.crunchyroll.com/i/spire3-tmb/c2b6d2b272d1e4540c281948a0333f741395450563_full.jpg
21,Episode 111 - Dash for a Miracle! Alabasta Animal Land!,https://img1.ak.crunchyroll.com/i/spire4-tmb/187975dcc98f37dcba03d23f32345dcf1395451423_full.jpg
21,Episode 110 - Merciless Mortal Combat! Luffy Vs. Crocodile!,https://img1.ak.crunchyroll.com/i/spire4-tmb/26ac62cb682591b7e9cc06a1e9075ba41395450537_full.jpg
21,Episode 109 - The Key to a Great Comeback Escape! the Wax-Wax Ball!,https://img1.ak.crunchyroll.com/i/spire2-tmb/c21afad4c00c46d43a6f0c65a84435771395450536_full.jpg
21,Episode 108 - The Terrifying Banana Gators and Mr. Prince!,https://img1.ak.crunchyroll.com/i/spire2-tmb/1c17330dac1e21a30e26b13e3135ddd91395450541_full.jpg
21,Episode 107 - Operation Utopia Commences! the Swell of Rebellion Stirs!,https://img1.ak.crunchyroll.com/i/spire4-tmb/1933c458ff1c4261128cfe170394748c1395450509_full.jpg
21,Episode 106 - The Trap of Certain Defeat! Storming Raindinners!,https://img1.ak.crunchyroll.com/i/spire2-tmb/47d61ce83e5e02ce639a29845e22e1c21395451673_full.jpg
21,"Episode 105 - The Battlefront of Alabasta! Rainbase, the City of Dreams!",https://img1.ak.crunchyroll.com/i/spire1-tmb/644ccb0288deb635cf8b1fe50fc39b891395450500_full.jpg
21,Episode 104 - Luffy Vs. Vivi! the Tearful Vow to Put Friends On the Line!,https://img1.ak.crunchyroll.com/i/spire2-tmb/e8f3b5cb4318a51ac688c295e12cf75e1395450520_full.jpg
21,Episode 103 - Spider's Cafe at 8 O'Clock! the Enemy Leaders Gather!,https://img1.ak.crunchyroll.com/i/spire4-tmb/a82b493a8e7a0dc459a5dbc735fb37681395450466_full.jpg
21,"Episode 102 - Ruins and Lost Ways! Vivi, Her Friends and the Country's Form!",https://img1.ak.crunchyroll.com/i/spire2-tmb/f1dd44434fa23d9807c57affc4bc145e1395450457_full.jpg
21,Episode 101 - Showdown in a Heat Haze! Ace Vs. the Gallant Scorpion!,https://img1.ak.crunchyroll.com/i/spire3-tmb/b099e04520e6b0240a8dd19e827e3eb21395450437_full.jpg
21,Episode 100 - Rebel Warrior Koza! the Dream Vowed to Vivi!,https://img1.ak.crunchyroll.com/i/spire4-tmb/c36f2878dd54b8b243cc4914ea98de2c1395450410_full.jpg
21,"Episode 99 - False Fortitude! Camu, Rebel Soldier at Heart!",https://img1.ak.crunchyroll.com/i/spire2-tmb/b728d30ea221f8f25c1f178f5998baa11394836376_full.jpg
21,Episode 98 - Enter the Desert Pirates! the Men Who Live Freely!,https://img1.ak.crunchyroll.com/i/spire4-tmb/69687d03cc46ac10a1185bc7e4b567261394836327_full.jpg
21,Episode 97 - Adventure in the Country of Sand! the Monsters That Live in the Scorching Land!,https://img1.ak.crunchyroll.com/i/spire2-tmb/9db0ea6f4b2b9af270a28e265cbc717c1394836633_full.jpg
21,"Episode 96 - Erumalu, the City of Green and the Kung Fu Dugongs!",https://img1.ak.crunchyroll.com/i/spire1-tmb/91d1b19ac66bcbdd4a46d8313aee02d41394836278_full.jpg
21,Episode 95 - Ace and Luffy! Hot Emotions and Brotherly Bonds!,https://img1.ak.crunchyroll.com/i/spire1-tmb/319e4df12cb45d077fb6636c28ef705a1394836814_full.jpg
21,Episode 94 - The Heroes' Reunion! His Name Is Fire Fist Ace!,https://img1.ak.crunchyroll.com/i/spire2-tmb/95c51c473c159ff872b70fd66130bd311394836164_full.jpg
21,Episode 93 - Off to the Desert Kingdom! the Rain-Summoning Powder and the Rebel Army!,https://img1.ak.crunchyroll.com/i/spire3-tmb/4d0e70a1f7a1cfc7375e82c243a631571394835901_full.jpg
21,Episode 92 - Alabasta's Hero and a Ballerina On the Ship!,https://img1.ak.crunchyroll.com/i/spire1-tmb/9e0b9a24e4a950b0747a91188a14ca3b1394835893_full.jpg
21,Episode 91 - Goodbye Drum Island! I'm Going Out to Sea!,https://img1.ak.crunchyroll.com/i/spire4-tmb/f2af5caf9562ab077a8c8274af1238f11394835867_full.jpg
21,Episode 90 - Hiriluk's Cherry Blossoms! Miracle in the Drum Rockies!,https://img1.ak.crunchyroll.com/i/spire2-tmb/6b30473fd853b6e7ea326fa1599b04381394835840_full.jpg
21,Episode 89 - When the Kingdom's Rule Ends! the Flag of Faith Flies Forever!,https://img1.ak.crunchyroll.com/i/spire1-tmb/540b6e46cdd2c85139edaf125980f2631394835826_full.jpg
21,Episode 88 - Zoan-type Devil Fruit! Chopper's Seven-form Transformation!,https://img1.ak.crunchyroll.com/i/spire1-tmb/ee5d997043bd977beb1a335724a5d45d1394836309_full.jpg
21,Episode 87 - Fight Wapol's Crew! the Power of the Munch Munch Fruit!,https://img1.ak.crunchyroll.com/i/spire4-tmb/44c292d194c5359aac1439a1acf632831394837000_full.jpg
21,Episode 86 - Hiriluk's Cherry Blossoms and the Will That Gets Carried On!,https://img1.ak.crunchyroll.com/i/spire3-tmb/a2c5dc028b9f743d767effb98f333a3c1394836424_full.jpg
21,Episode 85 - An Outcast's Dream! Hiriluk the Quack!,https://img1.ak.crunchyroll.com/i/spire3-tmb/ad9c8880cb3ecca5f777c4d147319d501394835534_full.jpg
21,Episode 84 - Blue-nosed Reindeer! Chopper's Secret!,https://img1.ak.crunchyroll.com/i/spire3-tmb/33afe207ae1bac47033eb4c756907d741394835507_full.jpg
21,Episode 83 - The Island Where Snow Lives! Climb the Drum Rockies!,https://img1.ak.crunchyroll.com/i/spire2-tmb/8146ce892dbed30e5d50027d042d5cb41394835504_full.jpg
21,Episode 82 - Dalton's Resolve! Wapol's Corps Land On the Island!,https://img1.ak.crunchyroll.com/i/spire2-tmb/6ff2554a171090cb05390399634f23ec1394835440_full.jpg
21,Episode 81 - Are You Happy? the Doctor Called Witch!,https://img1.ak.crunchyroll.com/i/spire2-tmb/8991be1032c58a3697aee07b0bc7a0541394835517_full.jpg
21,Episode 80 - An Island Without Doctors? Adventure in a Nameless Land!,https://img1.ak.crunchyroll.com/i/spire1-tmb/5c640c90a9ad1d34eb7d07e2aaf543151394836363_full.jpg
21,Episode 79 - A Raid! the Tin Tyrant and Tin Plate Wapol!,https://img1.ak.crunchyroll.com/i/spire3-tmb/08b513f25d870df2fcf106de1a8012da1394835357_full.jpg
21,Episode 78 - Nami's Sick? Beyond the Snow Falling On the Stars!,https://img1.ak.crunchyroll.com/i/spire2-tmb/806b64e4ef7006152f8c6ea8a29726931394836314_full.jpg
21,Episode 77 - Farewell Giant Island! Head for Alabasta!,https://img1.ak.crunchyroll.com/i/spire3-tmb/b44e39d2d44e88c975d325b665db34271394835413_full.jpg
21,Episode 76 - Time to Fight Back! Usopp's Quick Thinking and Fire Star!,https://img1.ak.crunchyroll.com/i/spire1-tmb/bdd85282f30723e2f63d1a66845f9cbc1394835379_full.jpg
21,Episode 75 - A Hex On Luffy! Colors Trap!,https://img1.ak.crunchyroll.com/i/spire2-tmb/e4626db18cd70c89159ace1ee9b782ab1394835335_full.jpg
21,Episode 74 - The Devilish Candle! Tears of Regret and Tears of Anger!,https://img1.ak.crunchyroll.com/i/spire1-tmb/8054d33928f8e5129f12c4e3e454f2f31394836151_full.jpg
21,Episode 73 - Broggy's Bitter Tears of Victory! The Conclusion of Elbaf!,https://img1.ak.crunchyroll.com/i/spire3-tmb/dc594895cdb3449f251959e00b3f9bfd1394836457_full.jpg
21,Episode 72 - Luffy Gets Angry! a Dirty Trick Violates the Sacred Duel!,https://img1.ak.crunchyroll.com/i/spire2-tmb/268239eb9946532461b897a121cfa7d71394835815_full.jpg
21,Episode 71 - Huge Duel! the Giants Dorry and Broggy!,https://img1.ak.crunchyroll.com/i/spire1-tmb/d2607d6bf5162e5b15bfe7a75c9fac0d1394835138_full.jpg
21,Episode 70 - An Ancient Island! the Shadow Hiding in Little Garden!,https://img1.ak.crunchyroll.com/i/spire3-tmb/9b0bf7c4335ac47971e6f83921f655eb1394835098_full.jpg
21,Episode 69 - Coby and Helmeppo's Resolve! Vice-Admiral Garp's Parental Affection!,https://img1.ak.crunchyroll.com/i/spire2-tmb/5dc4a00f6feb264a6e0a28474bb375d21394835084_full.jpg
21,"Episode 68 - Try Hard, Coby! Coby and Helmeppo's Struggles in the Marines!",https://img1.ak.crunchyroll.com/i/spire4-tmb/56cb9c7d2df01e7e9f04ed310648dbc81394835109_full.jpg
21,Episode 67 - Deliver Princess Vivi! the Luffy Pirates Set Sail!,https://img1.ak.crunchyroll.com/i/spire2-tmb/a1ab3f5d26709acb8ba7ad7b090dff071394835094_full.jpg
21,"Episode 66 - All-out Battle! Luffy Vs. Zoro, Mysterious Grand Duel!",https://img1.ak.crunchyroll.com/i/spire2-tmb/223b1f1232191077aa77f576e8b0f3281394835150_full.jpg
21,Episode 65 - Explosion! the Three Swords Style! Zoro Vs. Baroque Works!,https://img1.ak.crunchyroll.com/i/spire4-tmb/38f9445371c77821a50c2f8fde474e601394835045_full.jpg
21,Episode 64 - A Town That Welcomes Pirates? Setting Foot On Whisky Peak!,https://img1.ak.crunchyroll.com/i/spire2-tmb/7de0eb5a5516124eb90639b078e918f81394835887_full.jpg
21,Episode 63 - A Promise Between Men! Luffy and the Whale Vow to Meet Again!,https://img1.ak.crunchyroll.com/i/spire2-tmb/4af5f85879ae184420238497ac9c34331394246618_full.jpg
21,Episode 62 - The First Line of Defense? the Giant Whale Laboon Appears!,https://img1.ak.crunchyroll.com/i/spire4-tmb/c99339b8763577e3dbde3011d470eef81394246915_full.jpg
178869,Episode 4 - Magical Talent,https://img1.ak.crunchyroll.com/i/spire3-tmb/d5a8529ca608fdff5bd46248f340ec0f1753266361_full.jpg
178869,Episode 3 - Hero's Duty,https://img1.ak.crunchyroll.com/i/spire1-tmb/706ede7c7b30d0385ada8570f5eefafd1752661547_full.jpg
178869,Episode 2 - The Beast Lord in Captivity,https://img1.ak.crunchyroll.com/i/spire4-tmb/a8f3d12e40050c89ca1c669e77380c531752061957_full.jpg
178869,Episode 1 - The Lord of Dark Beasts,https://img1.ak.crunchyroll.com/i/spire2-tmb/22830b7a47c0be8d06cd110821c236c71751453674_full.jpg
178090,Episode 15 - Ghoul Hunt ,https://img1.ak.crunchyroll.com/i/spire1-tmb/4183f9f5593d3d4514add591c021eec01753280202_full.jpg
178090,Episode 14 - Jihriel's Miracles,https://img1.ak.crunchyroll.com/i/spire4-tmb/fc578bf46a14e341cd0c1be41b1d4b681752669411_full.jpg
178090,Episode 13 - I’ll Join the Church!,https://img1.ak.crunchyroll.com/i/spire1-tmb/f4568857a6e0fc1dc69942aa5637b6071752075808_full.jpg
173780,Episode 3 - A True People,https://img1.ak.crunchyroll.com/i/spire4-tmb/733a0bb881baf70512c8cb1afd83edb71753268667_full.jpg
173780,Episode 2 - Official Welcome,https://img1.ak.crunchyroll.com/i/spire3-tmb/b7a374941d6251dbf79c416c13b59ad11752668662_full.jpg
173780,Episode 1 - Siltvelt,https://img1.ak.crunchyroll.com/i/spire1-tmb/1354e08a65f1a008fb4c2e8ff2b0a9741752063776_full.jpg
154768,Episode 15 - I Wuuuuv Slice-of-Life Scenes! ♡♡♡,https://img1.ak.crunchyroll.com/i/spire4-tmb/3c66b38db91428c43232e1573989e59e1752942173_full.jpg
154768,Episode 14 - You Can Equip Boobs,https://img1.ak.crunchyroll.com/i/spire2-tmb/82b8722bd44f5c517ab7c83de1e77d4d1752332984_full.jpg
154768,"Episode 13 - Wakana Gojo, 15 Years Old, Teenager",https://img1.ak.crunchyroll.com/i/spire1-tmb/e809771179871502fb0aaaa30955c4031751721222_full.jpg
178886,Episode 4 - A Memory the Sisters Can Share,https://img1.ak.crunchyroll.com/i/spire1-tmb/f54785629f8098391da82825e53ea8431753280920_full.jpg
178886,Episode 3 - I Want Us to Be a Family,https://img1.ak.crunchyroll.com/i/spire3-tmb/7b15ee3fafe96ff24dab50e59a231d651752671732_full.jpg
178886,Episode 2 - Her Secret,https://img1.ak.crunchyroll.com/i/spire1-tmb/577a4843d11cb874cb76b756161db82f1752075307_full.jpg
178886,Episode 1 - Prodigy and Mediocrity,https://img1.ak.crunchyroll.com/i/spire3-tmb/f7891801e7083fbd5b8d20e5a9552ded1752075200_full.jpg
155838,Episode 4 - The Perfect Start to a Heroic Tale,https://img1.ak.crunchyroll.com/i/spire1-tmb/600bba8ab4b8b36b8ae3f09981079c431753289449_full.jpg
155838,Episode 3 - Application of the Contract,https://img1.ak.crunchyroll.com/i/spire3-tmb/81897c53addd868e2fcb9200a562cd911752683982_full.jpg
155838,Episode 2 - The Hero's Conditions,https://img1.ak.crunchyroll.com/i/spire1-tmb/1bd673ce01e8e74e59ac9c71f93bf3f91752075755_full.jpg
155838,Episode 1 - I'll Change My Fate,https://img1.ak.crunchyroll.com/i/spire4-tmb/7564395aaabbf84135199286f9bfab6a1751471182_full.jpg
185407,Episode 4 - Azuma-kun's Salvation,https://img1.ak.crunchyroll.com/i/spire1-tmb/e18b87d8d4a2e9fbf581b47e3b40a0ff1752846913_full.jpg
185407,Episode 3 - Takopi's Confession,https://img1.ak.crunchyroll.com/i/spire1-tmb/c7718062fd7b2561b5836e72a638a65a1752239878_full.jpg
185407,Episode 2 - Takopi's Salvation,https://img1.ak.crunchyroll.com/i/spire4-tmb/94a98a315faa260b0293a23d99c27b661751630648_full.jpg
185407,Episode 1 - To You in 2016,https://img1.ak.crunchyroll.com/i/spire2-tmb/1c7bbbf7f251567ece2b936e6a4dc5b31751029315_full.jpg
182309,Episode 3 - Association,https://img1.ak.crunchyroll.com/i/spire3-tmb/b7a0d15bd060efc98f2bb98f13b46a261753113817_full.jpg
182309,Episode 2 - Brother,https://img1.ak.crunchyroll.com/i/spire4-tmb/4e5fe4f360d29f563c9fb08de156d00f1752510150_full.jpg
182309,Episode 1 - Sister,https://img1.ak.crunchyroll.com/i/spire4-tmb/f1c6c639f46f295b36f643b6e28881bd1751902293_full.jpg
178025,Episode 2 - The Inhabited,https://img1.ak.crunchyroll.com/i/spire2-tmb/23072e02885aa117583353e64332e3831752410648_full.jpg
178025,Episode 1 - The Sphere,https://img1.ak.crunchyroll.com/i/spire2-tmb/c4822635558f3f1b40888cf6eda1bddd1751812316_full.jpg
176301,Episode 48 - The Beginning,https://img1.ak.crunchyroll.com/i/spire4-tmb/684f1e23301186ac476d81dccfcf0d9f1751641470_full.jpg
176301,Episode 47 - The Shi Clan,https://img1.ak.crunchyroll.com/i/spire1-tmb/e3c0ecacad4d061e52f12e9dc7a92e3f1751029483_full.jpg
176301,Episode 46 - Royal Guard,https://img1.ak.crunchyroll.com/i/spire1-tmb/6f5547c8cf0bf16af678f001f4b76ef91749828530_full.jpg
176301,Episode 45 - Taibon,https://img1.ak.crunchyroll.com/i/spire3-tmb/04a6ed5db2e73d5d4cc406ade92edb471749226051_full.jpg
176301,Episode 44 - The Stronghold,https://img1.ak.crunchyroll.com/i/spire1-tmb/4855905bceedac06455b5b63a4d9b9381748623687_full.jpg
176301,Episode 43 - Festival,https://img1.ak.crunchyroll.com/i/spire1-tmb/8c4b27c06b3ec17a0f39dfccef8bd7e41748017056_full.jpg
176301,Episode 42 - Lantern Plant,https://img1.ak.crunchyroll.com/i/spire2-tmb/7058956511c24ea6948c928ee38f86411746806897_full.jpg
176301,Episode 41 - Fox Village,https://img1.ak.crunchyroll.com/i/spire3-tmb/2dcdaa962da3cd25a33916216add5b541746199755_full.jpg
176301,Episode 40 - Festering Resentment,https://img1.ak.crunchyroll.com/i/spire4-tmb/de5892a568267d7e29dd7495df6d72401745592100_full.jpg
176301,Episode 39 - Ice,https://img1.ak.crunchyroll.com/i/spire1-tmb/07a1d7b71fae297e02a34d1de3211c231744989687_full.jpg
176301,Episode 38 - The Dancing Ghost,https://img1.ak.crunchyroll.com/i/spire2-tmb/23b2f1547473283035ff16100961cbe21744388803_full.jpg
176301,Episode 37 - The Baths,https://img1.ak.crunchyroll.com/i/spire2-tmb/dec082d6da739511093952f79639f79b1743764428_full.jpg
176301,Episode 36 - Ka Zuigetsu,https://img1.ak.crunchyroll.com/i/spire4-tmb/0a38f519fcc61a0b06277ab8de972b441743172143_full.jpg
176301,Episode 35 - The Hunt,https://img1.ak.crunchyroll.com/i/spire1-tmb/71d821fdc41ec5bd48b78355a6b197e61742573588_full.jpg
176301,Episode 34 - A Ghost Story,https://img1.ak.crunchyroll.com/i/spire3-tmb/6e498db105721c70e584112a6c08c7111741968829_full.jpg
176301,Episode 33 - The Late Emperor,https://img1.ak.crunchyroll.com/i/spire4-tmb/1d6c455c7cf4465e7439e048684268c61741366868_full.jpg
176301,Episode 32 - The Empress Dowager,https://img1.ak.crunchyroll.com/i/spire3-tmb/2dbd3d143531aa494fb0c9e7abdfcc821740757602_full.jpg
176301,Episode 31 - The Shrine of Choosing,https://img1.ak.crunchyroll.com/i/spire1-tmb/320edf06ef7e17fc5c7e3636c57c055c1740154684_full.jpg
176301,"Episode 30 - The Crystal Pavilion, For the Third Time",https://img1.ak.crunchyroll.com/i/spire4-tmb/08430bd822e4e919c1bf5214734704741739547157_full.jpg
176301,Episode 29 - The Moon Fairy,https://img1.ak.crunchyroll.com/i/spire3-tmb/b65eb9ac72c75cc25c47f1056e14f4bb1738945870_full.jpg
176301,Episode 28 - Mirror,https://img1.ak.crunchyroll.com/i/spire2-tmb/fbb607f88350ea5aa90de69a454f53ef1738339602_full.jpg
176301,Episode 27 - Corpse Fungus,https://img1.ak.crunchyroll.com/i/spire4-tmb/066f609a9d274d993b46126a3ea730991737721646_full.jpg
176301,Episode 26 - Caravan,https://img1.ak.crunchyroll.com/i/spire3-tmb/534d2fd94aec6ae647f2670509137d031737129686_full.jpg
176301,Episode 25 - Maomao and Maomao,https://img1.ak.crunchyroll.com/i/spire2-tmb/dcd8594821409d91f04889eecfb9b8281736524318_full.jpg
180367,"Episode 16 - Miharu Kiryu, the Vampire / Missing Parasol / I'm So Glad You're Here",https://img1.ak.crunchyroll.com/i/spire3-tmb/aa42000fffd133fbfc0dd45e1da1f8a81752996371_full.jpg
180367,Episode 15 - Summer Demon,https://img1.ak.crunchyroll.com/i/spire1-tmb/f1502404ef6c584f62a3f5c0eec377ef1752392204_full.jpg
180367,"Episode 14 - The Phasey Hunt, Part 4 / Diary of My Favorite Artist",https://img1.ak.crunchyroll.com/i/spire4-tmb/8cbeeb0bcb6a56a810293b4a351966b91751788250_full.jpg
180367,"Episode 13 - Keigo Magami, The Werewolf / Kind Tiger, Proud Wolf / Easy Spices for Enthralling Cooking",https://img1.ak.crunchyroll.com/i/spire1-tmb/740941272e7779f79d486c681ceb78751751183671_full.jpg
180367,"Episode 12 - Dogs and Raindrops, Part 2",https://img1.ak.crunchyroll.com/i/spire4-tmb/c1f9f8a27b82e1eb04c9d2a098f5097d1750577869_full.jpg
180367,"Episode 11 - Dogs and Raindrops, Part 1",https://img1.ak.crunchyroll.com/i/spire2-tmb/c3d0b83b13ce52619af4d07a73315b461749972215_full.jpg
180367,Episode 10 - Trope-tacular Student Council / A Stray Cat’s Bubble of Bliss,https://img1.ak.crunchyroll.com/i/spire1-tmb/b5ff6a1c382e7cde595b2f8e185025331749367905_full.jpg
180367,Episode 9 - Dear Kara / New Friends / Date With the Knight,https://img1.ak.crunchyroll.com/i/spire1-tmb/6218653cfc2738bf15c4976b06e8d5ac1748761517_full.jpg
180367,Episode 8 - Kanshi’s Part-Time Job Diaries ~The Superhero Show~ / Kanshi’s Part-Time Job Diaries ~The Side Job~,https://img1.ak.crunchyroll.com/i/spire3-tmb/d92645c1a046ca98df13460f70849ae31748152589_full.jpg
180367,Episode 7 - Kan and Nico’s Channel / The Tea Ceremony is a Piece of Tea Cake,https://img1.ak.crunchyroll.com/i/spire1-tmb/a7da75b76f90c11c510a503d3effedbc1747551869_full.jpg
180367,Episode 6 - Under the Lovers’ Tree,https://img1.ak.crunchyroll.com/i/spire2-tmb/66f02776a727b120b0a6d7b1ca752ff21746947589_full.jpg
180367,Episode 5 - My Student is my Favorite Artist / My Tummy is Tender Today / Cat Scout,https://img1.ak.crunchyroll.com/i/spire3-tmb/0a25f1e9d69bed98fd54865c8f7f82961746344626_full.jpg
180367,"Episode 4 - Kanshi Kazamatsuri, The Tengu",https://img1.ak.crunchyroll.com/i/spire4-tmb/750a64af8120c9d86360e0ca1b7f4a701745740755_full.jpg
180367,Episode 3 - Fresh Transparent Fashions for Spring / Witch’s Delivery Service / Lost Dogs and the Patter of Rain,https://img1.ak.crunchyroll.com/i/spire3-tmb/45919be11e974bdb8e0314c89759fb2a1745136191_full.jpg
180367,Episode 2 - A Giant Rookie / Let’s Go to a Diner / The Flying Classroom,https://img1.ak.crunchyroll.com/i/spire1-tmb/0ec8a835123f88307497078d0bc38aa41744528399_full.jpg
180367,Episode 1 - Witch’s Return,https://img1.ak.crunchyroll.com/i/spire3-tmb/46beaf630eee5f69ba710abd491131a31743916433_full.jpg
178754,Episode 13 - Kaiju Weapon,https://img1.ak.crunchyroll.com/i/spire3-tmb/5406d24ae05747d9f7a0da87ab5fff411752922098_full.jpg
178754,Hoshina's Day Off,https://img1.ak.crunchyroll.com/i/spire2-tmb/6265e4a166ec9d3f8205307855f1c80e1751711380_full.jpg
98514,Episode 1 - Gate of Dreams!,https://img1.ak.crunchyroll.com/i/spire2-tmb/6ff8c8874c8c5aaed120c531acc0596e1522582422_full.jpg
98514,Episode 2 - The Debut Race out of Nowhere,https://img1.ak.crunchyroll.com/i/spire4-tmb/94cb334c62fb8fdcf1120f1a4d7e6e621522582529_full.jpg
98514,Episode 3 - First Big Win,https://img1.ak.crunchyroll.com/i/spire4-tmb/e8a4673fac1347c6857d55211114556e1523178571_full.jpg
98514,Episode 4 - Special Training!,https://img1.ak.crunchyroll.com/i/spire2-tmb/556f5de6c37bc696bb5b6ea27c1c82631523786845_full.jpg
98514,Episode 5 - The Derby With Rivals,https://img1.ak.crunchyroll.com/i/spire3-tmb/c2de647128b901f483bd6102f3d4d44e1524401637_full.jpg
98514,Episode 6 - Autumn Skies and Horse Girls,https://img1.ak.crunchyroll.com/i/spire1-tmb/fcf55d9d062555e8dc2ea31b4428aee21524697366_full.jpg
98514,Episode 7 - Promise,https://img1.ak.crunchyroll.com/i/spire2-tmb/bab3402d5f2fb54e874b44ee1a9279ae1525617767_full.jpg
98514,Episode 8 - For You,https://img1.ak.crunchyroll.com/i/spire4-tmb/773179619a90f810141ef51626e30ac81526218968_full.jpg
98514,Episode 9 - Dreams of Spica,https://img1.ak.crunchyroll.com/i/spire2-tmb/a82688073847b62be1ea5cf1b071489b1526823413_full.jpg
98514,Episode 10 - No Matter How Many Times I Lose,https://img1.ak.crunchyroll.com/i/spire2-tmb/9d6bb2fcfde60aefb30901243ac07df51527577246_full.jpg
98514,Episode 11 - Welcome Back!,https://img1.ak.crunchyroll.com/i/spire2-tmb/585e21eae3d229db2597fa8bd17f6a901528009131_full.jpg
98514,Episode 12 - Stage of Dreams,https://img1.ak.crunchyroll.com/i/spire4-tmb/978ab24c5d15c131fa7d87e1c7709cdc1528623466_full.jpg
98514,"Episode 13 - Echo, Fanfare!",https://img1.ak.crunchyroll.com/i/spire1-tmb/b0d8efce7e88fcccae8a06dd7420773d1529250804_full.jpg
169440,Episode 4 - The Clergyman and the Vending Machine,https://img1.ak.crunchyroll.com/i/spire4-tmb/5d60cb05e5f19df90692366eb8c690271753277711_full.jpg
169440,Episode 3 - Strong Feelings,https://img1.ak.crunchyroll.com/i/spire1-tmb/3accfe089b1004930c02a5e62b572f061752669239_full.jpg
169440,Episode 2 - Mutual Understanding,https://img1.ak.crunchyroll.com/i/spire2-tmb/b9c2226f103a85216501fdc5a05f76ad1752065511_full.jpg
169440,Episode 1 - Hunters and Motives,https://img1.ak.crunchyroll.com/i/spire3-tmb/b34af2f69824800a89f97e05e397cc891751462190_full.jpg
137667,Episode 5 - Hero,https://img1.ak.crunchyroll.com/i/spire2-tmb/d69698bda377eae7d3ad003f2fd1a2bb1752883759_full.jpg
137667,Episode 4 - Magic Mirror,https://img1.ak.crunchyroll.com/i/spire1-tmb/7ce2222251eac950e0717eebd550c40d1752273385_full.jpg
137667,Episode 3 - The Notebook,https://img1.ak.crunchyroll.com/i/spire3-tmb/fd6367f33ad5e77c099f3eefae0bd00f1751666273_full.jpg
137667,Episode 2 - Beyonder,https://img1.ak.crunchyroll.com/i/spire3-tmb/e4046c9d54735a0be9307564b2fcf39a1751070662_full.jpg
137667,Episode 1 - The Fool,https://img1.ak.crunchyroll.com/i/spire1-tmb/a30bbcef8b9b9b149d7aabd5750ffdf71751070599_full.jpg
11061,Episode 1 - Departure x And x Friends,https://img1.ak.crunchyroll.com/i/spire3-tmb/337eb80fe71c9e580908d08278e4e89d1317068418_full.jpg
11061,Episode 2 - Test x Of x Tests,https://img1.ak.crunchyroll.com/i/spire4-tmb/f89ea9d5b9d5a1d4c263f1cb57e9c6011317346148_full.jpg
11061,Episode 3 - Rivals x In x Survival,https://img1.ak.crunchyroll.com/i/spire1-tmb/e4ccb5a62ebb8ccda1e2c113b785919a1317929321_full.jpg
11061,Episode 4 - Hope x And x Ambition,https://img1.ak.crunchyroll.com/i/spire3-tmb/d2ecd700adab356914e0b1115a79b21a1318970940_full.jpg
11061,Episode 5 - Hisoka x Is So x Sneaky,https://img1.ak.crunchyroll.com/i/spire3-tmb/987b531aaed516b8d043b127580cbd711319132525_full.jpg
11061,Episode 6 - A x Surprising x Challenge!,https://img1.ak.crunchyroll.com/i/spire3-tmb/ee70e7ee65c4030224f476bc0e61a5731319736733_full.jpg
11061,Episode 7 - Showdown x On The x Airship,https://img1.ak.crunchyroll.com/i/spire4-tmb/00bff5d305de5d66a070df8b9d6daeb81320691973_full.jpg
11061,Episode 8 - Decision X By X Majority?,https://img1.ak.crunchyroll.com/i/spire3-tmb/1eab69ea577ead7c015f7590b44e48951320951864_full.jpg
11061,Episode 9 - Beware X Of X Prisoners,https://img1.ak.crunchyroll.com/i/spire4-tmb/e613a67fc199fa00bd43e4ad17c474211321560627_full.jpg
11061,Episode 10 - Trick X To The X Trick,https://img1.ak.crunchyroll.com/i/spire4-tmb/b3ad13c092e97fed6456500f177ddd191322506260_full.jpg
11061,Episode 11 - Trouble X With The X Gamble!,https://img1.ak.crunchyroll.com/i/spire4-tmb/e5fb20b31257aa406de829c1b5831cfd1322774241_full.jpg
11061,Episode 12 - Last X Test Of X Resolve,https://img1.ak.crunchyroll.com/i/spire3-tmb/a09cefd55c3c3ed76ca8623bd2ed15581323370719_full.jpg
11061,Episode 13 - Letter X From X Gon,https://img1.ak.crunchyroll.com/i/spire1-tmb/a3c5a42b1e3e62145f6dd1f7583f6de91324316143_full.jpg
11061,Episode 14 - Hit x The x Target,https://img1.ak.crunchyroll.com/i/spire1-tmb/98be738d3a62f01164c934bf3262343e1324676074_full.jpg
11061,Episode 15 - Explosion X Of x Deception,https://img1.ak.crunchyroll.com/i/spire4-tmb/5368d2cc68995cb424bd040b7165f56e1325194391_full.jpg
11061,Episode 16 - Defeat X And X Disgrace,https://img1.ak.crunchyroll.com/i/spire1-tmb/9fb4483ab5d58f97ad076e431e0974291326497842_full.jpg
11061,Episode 17 - Trap X In The X Hole,https://img1.ak.crunchyroll.com/i/spire4-tmb/75033626e900879a1754af5b87fee52d1327014195_full.jpg
11061,Episode 18 - Big X Time X Interview,https://img1.ak.crunchyroll.com/i/spire2-tmb/c7b038dbe9728fc8c7b875cc6b1270541327695936_full.jpg
11061,Episode 19 - Can't Win X And X Can't Lose,https://img1.ak.crunchyroll.com/i/spire3-tmb/1904a45d2fe5a667f3353187d36ea6841328209651_full.jpg
11061,Episode 20 - Baffling X Turn Of X Events,https://img1.ak.crunchyroll.com/i/spire1-tmb/6aa9d2da025fd4f184715d8d85eb11331328815323_full.jpg
11061,Episode 21 - Some X Brother X Trouble,https://img1.ak.crunchyroll.com/i/spire4-tmb/40cacc67cc7815c6e097a96c661079f21330637028_full.jpg
11061,Episode 22 - A X Dangerous X Watchdog,https://img1.ak.crunchyroll.com/i/spire3-tmb/e2b944cee228dce4c2518e6e0c099dd81330031613_full.jpg
11061,Episode 23 - The X Guard's X Duty,https://img1.ak.crunchyroll.com/i/spire2-tmb/cf8bb30eefd7286635d6e6cc35dc57531330644588_full.jpg
11061,Episode 24 - The X Zoldyck X Family,https://img1.ak.crunchyroll.com/i/spire4-tmb/83d2ca4ff47b276ecbb1b8ca54c5b6111331235436_full.jpg
11061,Episode 25 - Can't See X If X You're Blind,https://img1.ak.crunchyroll.com/i/spire1-tmb/c4c7a1cdf43c6f63a8a462cdea9f0b961332785056_full.jpg
11061,Episode 26 - Then X And X After,https://img1.ak.crunchyroll.com/i/spire3-tmb/8524391f85b06850d890207d4a764ce31332884240_full.jpg
11061,Episode 27 - Arrival X At The X Arena,https://img1.ak.crunchyroll.com/i/spire1-tmb/c1a4f64a46087c2c1e7425cffe5548bf1334181115_full.jpg
11061,"Episode 28 - Nen X ""Nen""",https://img1.ak.crunchyroll.com/i/spire3-tmb/79cf72b53d6d093fd246760db7dbc7e01334256737_full.jpg
11061,Episode 29 - Awakening X And X Potential,https://img1.ak.crunchyroll.com/i/spire1-tmb/adc699ac103c838d5f0368f36716dd4e1335202597_full.jpg
11061,Episode 30 - Fierce X And X Ferocious,https://img1.ak.crunchyroll.com/i/spire4-tmb/6a1ca673bdd1886ed226125da45edf241335203393_full.jpg
11061,Episode 31 - Destiny X And X Tenacity,https://img1.ak.crunchyroll.com/i/spire4-tmb/e599da99af56ab137cef2a7e5c1a16cc1335892838_full.jpg
11061,Episode 32 - A X Surprising X Win,https://img1.ak.crunchyroll.com/i/spire1-tmb/c32c05b7c4481722b2b74eb2dcbadcf91336682614_full.jpg
11061,Episode 33 - An X Empty X Threat,https://img1.ak.crunchyroll.com/i/spire2-tmb/bea923ea3dfeb1b18ef9d320f5beebf01337276172_full.jpg
11061,Episode 34 - Power X To X Avenge,https://img1.ak.crunchyroll.com/i/spire2-tmb/9b6387d900daafcc973aded68319231a1337883863_full.jpg
11061,Episode 35 - The X True X Pass,https://img1.ak.crunchyroll.com/i/spire1-tmb/35a378b93ca674f87434ab017091dd821338931493_full.jpg
11061,Episode 36 - A Big Debt X And X A Small Kick,https://img1.ak.crunchyroll.com/i/spire1-tmb/735ad030d35dd48d0ec88ccf78a65f611339106864_full.jpg
11061,Episode 37 - Ging X And X Gon,https://img1.ak.crunchyroll.com/i/spire3-tmb/642588253049f946f98d3bb47b08e6c91340048018_full.jpg
11061,Episode 38 - Reply X From X Dad,https://img1.ak.crunchyroll.com/i/spire4-tmb/9bba0036b5ae8b122a9199e6e096c2441340390359_full.jpg
11061,Episode 39 - Wish X And X Promise,https://img1.ak.crunchyroll.com/i/spire4-tmb/aec11157898defa3859c358591d23c541341346467_full.jpg
11061,Episode 40 - Nen X Users X Unite,https://img1.ak.crunchyroll.com/i/spire3-tmb/b4578ba80ef17b464e2844a30ef3675f1341621702_full.jpg
11061,Episode 41 - Gathering X Of X Heroes,https://img1.ak.crunchyroll.com/i/spire4-tmb/62482d816c180ad97eda77bbf52dde141342475085_full.jpg
11061,Episode 42 - Defend X And X Attack,https://img1.ak.crunchyroll.com/i/spire3-tmb/a1dc61132ffc05b5d6ba95c06af826861342819722_full.jpg
11061,Episode 43 - A X Shocking X Tragedy,https://img1.ak.crunchyroll.com/i/spire1-tmb/1d1c8155a41b33f8cbf56762232abacf1343763780_full.jpg
11061,Episode 44 - Build-up X To A X Fierce Battle,https://img1.ak.crunchyroll.com/i/spire2-tmb/a650ee23bc8e887042af2b77c805a7ea1344545425_full.jpg
11061,Episode 45 - Restraint x And x Vow,https://img1.ak.crunchyroll.com/i/spire3-tmb/54e9805071ae4ecb08a3b78325a430a31344621541_full.jpg
11061,Episode 46 - Chasing X And X Waiting,https://img1.ak.crunchyroll.com/i/spire2-tmb/9bc2b5693a5c75575b5d26a2074162961345761902_full.jpg
11061,Episode 47 - Condition X And X Condition,https://img1.ak.crunchyroll.com/i/spire1-tmb/68c955f8e3ef4250a7c932a9af4e649d1346361052_full.jpg
11061,Episode 48 - Very X Sharp X Eye,https://img1.ak.crunchyroll.com/i/spire3-tmb/8b8e75bd25022682bd8421e1d4b11f351346951540_full.jpg
11061,Episode 49 - Pursuit X And X Analysis,https://img1.ak.crunchyroll.com/i/spire2-tmb/e699e0dcb218ca293ecc5b07f779953c1347672109_full.jpg
11061,Episode 50 - Ally X And X Sword,https://img1.ak.crunchyroll.com/i/spire2-tmb/2540e3a655332ce30926bb94f540f9b41348271184_full.jpg
11061,Episode 51 - A X Brutal X Battlefield,https://img1.ak.crunchyroll.com/i/spire4-tmb/daac02ebd6ccdb4d58667735b46d4cd11349397670_full.jpg
11061,Episode 52 - Assault X And X Impact,https://img1.ak.crunchyroll.com/i/spire4-tmb/f51d6c3de1b70a66361b9014676b6d531349979354_full.jpg
11061,Episode 53 - Fake X And X Psyche,https://img1.ak.crunchyroll.com/i/spire2-tmb/3ed088db77f75feb4fc11c618d8745251351388590_full.jpg
11061,Episode 54 - Fortunes X Aren't X Right?,https://img1.ak.crunchyroll.com/i/spire3-tmb/c18bac846eeb0e33a8fa3c6c803cb28e1352154763_full.jpg
11061,Episode 55 - Allies X And X Lies,https://img1.ak.crunchyroll.com/i/spire4-tmb/713ad1784609434c1e3ac1add9d870a51351211997_full.jpg
11061,Episode 56 - Beloved X and X Beleaguered,https://img1.ak.crunchyroll.com/i/spire4-tmb/501571edc00605035de0bf1baefbf75b1352755777_full.jpg
11061,Episode 57 - Initiative X and X Law,https://img1.ak.crunchyroll.com/i/spire2-tmb/b17458e361381db65f8afe2cc88dc4751353096910_full.jpg
11061,Episode 58 - Signal X To X Retreat,https://img1.ak.crunchyroll.com/i/spire1-tmb/8b28b8dc0ea0ccd4277f01541af85f2b1353961156_full.jpg
11061,Episode 59 - Bid X And X Haste,https://img1.ak.crunchyroll.com/i/spire1-tmb/b117d0ea1121bb5ade9372327577bb061355180097_full.jpg
11061,Episode 60 - End x And X Beginning,https://img1.ak.crunchyroll.com/i/spire2-tmb/9944022bfcfd7e6ea9cfb69d1992605a1356045590_full.jpg
11061,Episode 61 - Invitation X and X Friend,https://img1.ak.crunchyroll.com/i/spire3-tmb/55a71ccd2b4d4e3fb030e6100fa584bd1355771078_full.jpg
11061,Episode 62 - Reality X And X Raw,https://img1.ak.crunchyroll.com/i/spire4-tmb/49dcdf59c09fab43ff3c102d14a0c5a91356113344_full.jpg
11061,Episode 63 - A X Hard X Master,https://img1.ak.crunchyroll.com/i/spire4-tmb/273ba1a543c2c40b32802d5b0fd78d651358276031_full.jpg
11061,Episode 64 - Strengthen X And X Threaten,https://img1.ak.crunchyroll.com/i/spire2-tmb/87ee961e339e2348bc1d5b04315160d61358276136_full.jpg
11061,"Episode 65 - Evil Fist X And Rock, Paper, Scissors!",https://img1.ak.crunchyroll.com/i/spire4-tmb/25899067fbb61cfeaf959e47b29c3ddd1359143197_full.jpg
11061,Episode 66 - Strategy X And X Scheme,https://img1.ak.crunchyroll.com/i/spire4-tmb/04483474835afb266072a4a656ceb2a91360001079_full.jpg
11061,Episode 67 - 15 X 15,https://img1.ak.crunchyroll.com/i/spire3-tmb/8be0223832af73a83bbc0dc9f7f8857b1360283225_full.jpg
11061,Episode 68 - Pirates X And X Guesses,https://img1.ak.crunchyroll.com/i/spire4-tmb/211b95d82c9f359459b9e5e27009096d1361297087_full.jpg
11061,Episode 69 - A X Heated X Showdown,https://img1.ak.crunchyroll.com/i/spire3-tmb/10ac231be76b8874945c2a92e97cdabf1361819620_full.jpg
11061,Episode 70 - Guts x And x Courage,https://img1.ak.crunchyroll.com/i/spire4-tmb/276ddcab560e2efda7af956fbeb374561362076914_full.jpg
11061,Episode 71 - Bargain X And X Deal,https://img1.ak.crunchyroll.com/i/spire1-tmb/dc84373a6b75f5c2837b89388690fa461362786208_full.jpg
11061,Episode 72 - Chase X And X Chance,https://img1.ak.crunchyroll.com/i/spire4-tmb/db14fef911e54b7e692cbf716cea541f1363391641_full.jpg
11061,Episode 73 - Insanity and Sanity,https://img1.ak.crunchyroll.com/i/spire4-tmb/4bd341a7eb14a71d8012f2f24801bb2a1363976485_full.jpg
11061,Episode 74 - Victor and Loser,https://img1.ak.crunchyroll.com/i/spire3-tmb/17dd671c31466ca49aba7a87d59f1d731364850440_full.jpg
179344,Episode 40 - Decision and Girlfriend,https://img1.ak.crunchyroll.com/i/spire1-tmb/a5339a2212d8c38f1ab14239face88821753186046_full.jpg
179344,Episode 39 - Daikanyama and Girlfriend,https://img1.ak.crunchyroll.com/i/spire2-tmb/5b8268b73a4df4a68dfae04a0bf3a5711752587663_full.jpg
179344,Episode 38 - Sigh and Girlfriend,https://img1.ak.crunchyroll.com/i/spire2-tmb/41fdbc64b6f7697badb1360ce394f9261751979338_full.jpg
179344,Episode 37 - Routine and Girlfriend,https://img1.ak.crunchyroll.com/i/spire2-tmb/a8fa3206e8679f4c28b90f1b861b61851751377541_full.jpg
97940,Episode 1 - Asta and Yuno,https://img1.ak.crunchyroll.com/i/spire4-tmb/8a285ca29aadb33852da5f78d661afc91507016863_full.jpg
97940,Episode 2 - The Boys' Promise,https://img1.ak.crunchyroll.com/i/spire3-tmb/78d57c928cf2fdda64fe3c3bf5d3aef21507583255_full.jpg
97940,Episode 3 - To the Royal Capital of the Clover Kingdom!,https://img1.ak.crunchyroll.com/i/spire4-tmb/dca8e525f3374bbcab5ddf6a066e25a61508198365_full.jpg
97940,Episode 4 - The Magic Knights Entrance Exam,https://img1.ak.crunchyroll.com/i/spire4-tmb/6cfebb94f6ae960c88c71e101a8f0d841508803254_full.jpg
97940,Episode 5 - The Path to the Wizard King,https://img1.ak.crunchyroll.com/i/spire1-tmb/045e27466e72533d77ab57b1242159fa1509404722_full.jpg
97940,Episode 6 - The Black Bulls,https://img1.ak.crunchyroll.com/i/spire3-tmb/ccba6f090db91ddc170ba9b46207242f1510021241_full.jpg
97940,Episode 7 - The Other New Recruit,https://img1.ak.crunchyroll.com/i/spire3-tmb/7197ce5ccd79b218c622885d92d96b8d1510611005_full.jpg
97940,Episode 8 - Go! Go! First Mission,https://img1.ak.crunchyroll.com/i/spire3-tmb/feb773b9a240ec8e3608ead0faeef8d91511224985_full.jpg
97940,Episode 9 - Beasts,https://img1.ak.crunchyroll.com/i/spire2-tmb/747460425caeded3c8acb7246e63b64a1511843449_full.jpg
97940,Episode 10 - Those Who Protect,https://img1.ak.crunchyroll.com/i/spire4-tmb/41e8e3186a655f06d6970fb70dc546c41512453312_full.jpg
97940,Episode 11 - What Happened on a Certain Day in the Castle Town,https://img1.ak.crunchyroll.com/i/spire1-tmb/03c63ba3ab366af75b63c9cc844b02531513055754_full.jpg
97940,Episode 12 - The Wizard King Saw,https://img1.ak.crunchyroll.com/i/spire2-tmb/a0738a978fa98f2029f4d4024246c6e11513626257_full.jpg
97940,"Episode 13 - The Wizard King Saw, Continued",https://img1.ak.crunchyroll.com/i/spire3-tmb/f7f14057fcc54e190977a41dcaa3ff801514269608_full.jpg
97940,Episode 14 - Dungeon,https://img1.ak.crunchyroll.com/i/spire2-tmb/a447f4af1d0148aaf57e5da4f119c8401515455782_full.jpg
97940,Episode 15 - The Diamond Mage,https://img1.ak.crunchyroll.com/i/spire4-tmb/1d8901c136e8bde88fc5d2f191b5da041516091458_full.jpg
97940,Episode 16 - Friends,https://img1.ak.crunchyroll.com/i/spire3-tmb/068caec4969f9c4a4475dd2320ab4c7a1516671405_full.jpg
97940,Episode 17 - Destroyer,https://img1.ak.crunchyroll.com/i/spire1-tmb/21bac33db3eca884e376e675c3a218231517290241_full.jpg
97940,Episode 18 - Memories of You,https://img1.ak.crunchyroll.com/i/spire3-tmb/f1b63029169ac98276bfb38f27d1a1ad1517902961_full.jpg
97940,Episode 19 - Destruction and Salvation,https://img1.ak.crunchyroll.com/i/spire3-tmb/cd429ab43586083ec76ad1bff763405c1518507582_full.jpg
97940,Episode 20 - Assembly at the Royal Capital,https://img1.ak.crunchyroll.com/i/spire4-tmb/a2c0f8273d2eb245f635019f0f3fb3c31519085704_full.jpg
97940,Episode 21 - Capital Riot,https://img1.ak.crunchyroll.com/i/spire4-tmb/3c29d47323da71cee7fa7556b7d1cc731519683825_full.jpg
97940,Episode 22 - Wild Magic Dance,https://img1.ak.crunchyroll.com/i/spire4-tmb/dd69da564d4503a91113f0cca9971cf31520323354_full.jpg
97940,Episode 23 - The Crimson Lion King,https://img1.ak.crunchyroll.com/i/spire4-tmb/9ec4483689ac70619947aab8ba8983261520932085_full.jpg
97940,Episode 24 - Blackout,https://img1.ak.crunchyroll.com/i/spire4-tmb/41007ac754333aba6071f8d1e7f3ec971521594483_full.jpg
97940,Episode 25 - Adversity,https://img1.ak.crunchyroll.com/i/spire4-tmb/f1cb50b939096fc9cdfae6c2d0c514151522127521_full.jpg
97940,Episode 26 - Wounded Beasts,https://img1.ak.crunchyroll.com/i/spire4-tmb/dd79e0fbf1b8cb31b42629e43604180b1522739021_full.jpg
97940,Episode 27 - Light,https://img1.ak.crunchyroll.com/i/spire2-tmb/b654b94bd3146c6ea8517dd5f32023e11523341351_full.jpg
97940,Episode 28 - The One I've Set My Heart On,https://img1.ak.crunchyroll.com/i/spire4-tmb/5b857124ff3f45fd13dde82ccda0ba4e1523946694_full.jpg
97940,Episode 29 - Path,https://img1.ak.crunchyroll.com/i/spire1-tmb/645a5e9cf3052b8fedba9e389ede91d11524549287_full.jpg
97940,Episode 30 - The Mirror Mage,https://img1.ak.crunchyroll.com/i/spire2-tmb/a8af025a99bd08dc4701e1f4146a431a1524777718_full.jpg
97940,Episode 31 - Pursuit Over the Snow,https://img1.ak.crunchyroll.com/i/spire1-tmb/991e2ded64f7a45680becd8807b758641525757305_full.jpg
97940,Episode 32 - Three-Leaf Sprouts,https://img1.ak.crunchyroll.com/i/spire4-tmb/1f72c61c0296745e020e7212697fe9d71526358334_full.jpg
97940,Episode 33 - To Help Somebody Someday,https://img1.ak.crunchyroll.com/i/spire4-tmb/af76bebbeb493a11cc5802d6fb18c95e1526969367_full.jpg
97940,Episode 34 - Light Magic vs. Dark Magic,https://img1.ak.crunchyroll.com/i/spire2-tmb/090a4c34b763a71717a4149c60792b671527579274_full.jpg
97940,Episode 35 - The Light of Judgment,https://img1.ak.crunchyroll.com/i/spire2-tmb/ef1ba75f1e3700e85f715b7bc8ad57de1528189736_full.jpg
97940,Episode 36 - Three Eyes,https://img1.ak.crunchyroll.com/i/spire3-tmb/00d782713861d213ed95c1be865c41ec1528789045_full.jpg
97940,Episode 37 - The One With No Magic,https://img1.ak.crunchyroll.com/i/spire4-tmb/e0e3b3211c13233e2ffa1bbcc333f9841529393354_full.jpg
97940,Episode 38 - The Magic Knights Captain Conference,https://img1.ak.crunchyroll.com/i/spire4-tmb/53c5ecd75752ed502f41398641aa159e1529995904_full.jpg
97940,Episode 39 - Three-Leaf Salute,https://img1.ak.crunchyroll.com/i/spire4-tmb/987ddf1c13e87616b2a1af0f5863fbb41530601342_full.jpg
97940,Episode 40 - A Black Beach Story,https://img1.ak.crunchyroll.com/i/spire2-tmb/5ce5522f23edeee8514bfe50aafea50e1531208711_full.jpg
97940,Episode 41 - The Water Girl Grows Up,https://img1.ak.crunchyroll.com/i/spire3-tmb/09c3c851cec27cd6beb0555a3f3437761531807970_full.jpg
97940,Episode 42 - The Underwater Temple,https://img1.ak.crunchyroll.com/i/spire4-tmb/beab541a9db4d9d7c7696d598935f08e1532413110_full.jpg
97940,Episode 43 - Temple Battle Royale,https://img1.ak.crunchyroll.com/i/spire3-tmb/248cdd06d6e3de8362abfd3a874818561533015922_full.jpg
97940,Episode 44 - The Pointlessly Direct Fireball and the Wild Lightning,https://img1.ak.crunchyroll.com/i/spire3-tmb/50f21b2a17322c5638f241d0117525411533620070_full.jpg
97940,Episode 45 - The Guy Who Doesn't Know When to Quit,https://img1.ak.crunchyroll.com/i/spire1-tmb/3d524d6ab982b6d14a4ce69feb23f4541534233926_full.jpg
97940,Episode 46 - Awakening,https://img1.ak.crunchyroll.com/i/spire3-tmb/965e328a8a61a342f76de6e050642fed1534830598_full.jpg
97940,Episode 47 - The Only Weapon,https://img1.ak.crunchyroll.com/i/spire2-tmb/debefab3ded20e5f9d974408849a11861535437394_full.jpg
97940,Episode 48 - Despair vs. Hope,https://img1.ak.crunchyroll.com/i/spire4-tmb/8d1a4c20c81b3739f3cf3c52e507d0fd1536049641_full.jpg
97940,Episode 49 - Beyond Limits,https://img1.ak.crunchyroll.com/i/spire1-tmb/4b454401873599cf5ae118cca3ccdbef1536644389_full.jpg
97940,"Episode 50 - End of the Battle, End of Despair",https://img1.ak.crunchyroll.com/i/spire2-tmb/c738b8b8c1f16c782d6ec929199eb2991537250759_full.jpg
97940,Episode 51 - Proof of Rightness,https://img1.ak.crunchyroll.com/i/spire2-tmb/6cc2f15916f78b11e22faed8bb5424391537857080_full.jpg
97940,Episode 52 - Whoever's Strongest Wins,https://img1.ak.crunchyroll.com/i/spire3-tmb/9f7fa36c50d171a204ccd7c11c4966571538430398_full.jpg
97940,Episode 53 - Behind the Mask,https://img1.ak.crunchyroll.com/i/spire3-tmb/9b234b5bab42567640c9f80ecab1209e1539059508_full.jpg
97940,Episode 54 - Never Again,https://img1.ak.crunchyroll.com/i/spire2-tmb/0a2ec59a835cd7539c7cfdfddaae55eb1539676108_full.jpg
97940,Episode 55 - The Man Named Fanzell,https://img1.ak.crunchyroll.com/i/spire3-tmb/b326c62ac6418ecd3df6418f8b1cf1621540279086_full.jpg
97940,Episode 56 - The Man Named Fanzell Continued,https://img1.ak.crunchyroll.com/i/spire3-tmb/a89f2ad479f1f806e41aee0764a34eb91540886561_full.jpg
97940,Episode 57 - Infiltration,https://img1.ak.crunchyroll.com/i/spire4-tmb/884807f7b642dfe69f27b6e1d2d9a1b11541497363_full.jpg
97940,Episode 58 - Battlefield Decision,https://img1.ak.crunchyroll.com/i/spire4-tmb/b29d1ff802213d5f0a5666fe00f1bec51542097524_full.jpg
97940,Episode 59 - Flames of Hatred,https://img1.ak.crunchyroll.com/i/spire2-tmb/e5a1a0c26b643fa9b8cffcac7ff582b71542701520_full.jpg
97940,Episode 60 - Defectors' Atonement,https://img1.ak.crunchyroll.com/i/spire4-tmb/90241d13f32cb248fe46862ab2683d701543308248_full.jpg
97940,Episode 61 - The Promised World,https://img1.ak.crunchyroll.com/i/spire1-tmb/4ad5f2eb0302b250db738f8cd60c6eb31543903038_full.jpg
97940,Episode 62 - Those Who Boost Each Other Up,https://img1.ak.crunchyroll.com/i/spire3-tmb/d06a697477049b29a00b8d91f73e867c1544514913_full.jpg
97940,Episode 63 - Not in the Slightest,https://img1.ak.crunchyroll.com/i/spire3-tmb/caafc89b2077f6e84312df7c4d32ec6a1545104867_full.jpg
97940,Episode 64 - The Red Thread of Fate,https://img1.ak.crunchyroll.com/i/spire1-tmb/1b6c8741fc209fa9babdba54b8d0c9ca1545732764_full.jpg
97940,Episode 65 - I'm Home,https://img1.ak.crunchyroll.com/i/spire1-tmb/0be05788578acb5275c5ceef2d8e9daf1546935625_full.jpg
97940,Episode 66 - The Eye of the Midnight Sun's Secret,https://img1.ak.crunchyroll.com/i/spire4-tmb/6f904e5be1307bb0186bade371d8f4371547538108_full.jpg
97940,Episode 67 - A Fun Festival Double Date,https://img1.ak.crunchyroll.com/i/spire4-tmb/ff280c7e421f621e089c0c52e04ddfcf1548124254_full.jpg
97940,Episode 68 - Battle to the Death?! Yami VS Jack,https://img1.ak.crunchyroll.com/i/spire3-tmb/db3e5df255da41664752c16a651980c81548734370_full.jpg
97940,Episode 69 - The Briar Maiden's Melancholy,https://img1.ak.crunchyroll.com/i/spire2-tmb/94c2ef01ed6100e6df126b15be6c7b741550015606_full.jpg
97940,Episode 70 - Two New Stars,https://img1.ak.crunchyroll.com/i/spire3-tmb/9fd945aaf0bb508d0c346681200ba3d61549962679_full.jpg
97940,"Episode 71 - The Uncrowned, Undefeated Lioness",https://img1.ak.crunchyroll.com/i/spire3-tmb/cc672cf7c97ad941d94827702b77d7021550567704_full.jpg
97940,Episode 72 - Saint Elmo's Fire,https://img1.ak.crunchyroll.com/i/spire2-tmb/53c3ca4f5b99f64b2a5bddb69d46d1911551172339_full.jpg
97940,Episode 73 - The Royal Knights Selection Test,https://img1.ak.crunchyroll.com/i/spire4-tmb/7dc718c81a1bc2bf5c7ce3718296534a1551762888_full.jpg
97940,Episode 74 - Flower of Resolution,https://img1.ak.crunchyroll.com/i/spire2-tmb/8380df14797120c1909c4eba818181831552385385_full.jpg
97940,Episode 75 - Fierce Battle,https://img1.ak.crunchyroll.com/i/spire2-tmb/15ca8e4c0bcf67bfed7525a5a8b86f311553032508_full.jpg
97940,Episode 76 - Mage X,https://img1.ak.crunchyroll.com/i/spire1-tmb/e0b677502b2b9a75862cec9d249ce46c1553590440_full.jpg
97940,Episode 77 - Bad Blood,https://img1.ak.crunchyroll.com/i/spire4-tmb/1317b1c42b418c1e11db8cfe6b0f7d5e1554193639_full.jpg
97940,Episode 78 - Peasant Trap,https://img1.ak.crunchyroll.com/i/spire2-tmb/97d3a92fc0c187877b9838377ce1045e1554791666_full.jpg
97940,Episode 79 - Mister Delinquent vs. Muscle Brains,https://img1.ak.crunchyroll.com/i/spire2-tmb/fc26501a7a3a2f5a75fb1ed8ade0f4031555389112_full.jpg
97940,Episode 80 - Special Little Brother vs. Failed Big Brother,https://img1.ak.crunchyroll.com/i/spire3-tmb/df3aa5404bf26ab5d88e168381104d301556009737_full.jpg
97940,Episode 81 - The Life of a Certain Man,https://img1.ak.crunchyroll.com/i/spire3-tmb/89c5772db2177e85887f73a59fa4831a1556612925_full.jpg
97940,Episode 82 - Petit Clover! The Nightmarish Charmy SP!,https://img1.ak.crunchyroll.com/i/spire4-tmb/adc56da1afb714e3d84470134b176ca61557204667_full.jpg
97940,Episode 83 - Burn It Into You,https://img1.ak.crunchyroll.com/i/spire4-tmb/5fb4bbf6db7ae8abc3c3314fe36342ce1557811942_full.jpg
97940,Episode 84 - The Victors,https://img1.ak.crunchyroll.com/i/spire4-tmb/2c3379aa3a1ff1b3f5dbcbaa1b23a13d1558428002_full.jpg
97940,Episode 85 - Together in the Bath,https://img1.ak.crunchyroll.com/i/spire4-tmb/6cd6f327c955da0daff853745b482bac1559037032_full.jpg
97940,Episode 86 - Yami and Vangeance,https://img1.ak.crunchyroll.com/i/spire1-tmb/f6a875042a81b49667444f801b6af15f1559638052_full.jpg
97940,Episode 87 - Formation of the Royal Knights,https://img1.ak.crunchyroll.com/i/spire1-tmb/cb26395c9f5b0c001c0df037f7d7e6e21560243161_full.jpg
97940,Episode 88 - Storming the Eye of the Midnight Sun's Hideout!!!,https://img1.ak.crunchyroll.com/i/spire3-tmb/aad87e3260e537fc359d01d13e25708d1560832263_full.jpg
97940,Episode 89 - The Black Bulls' Hideout,https://img1.ak.crunchyroll.com/i/spire2-tmb/d870e0e13ea5cbd9e63e4952bc07eb401561437651_full.jpg
97940,Episode 90 - Crazy Magic Battle,https://img1.ak.crunchyroll.com/i/spire1-tmb/3ead60840981860aa06759ac49a1cc111562049435_full.jpg
97940,Episode 91 - Mereoleona vs. Raia the Disloyal,https://img1.ak.crunchyroll.com/i/spire1-tmb/e0971c58b50fedcae02ecbdbc0246b6a1562658631_full.jpg
97940,Episode 92 - The Wizard King vs. The Leader of the Eye of the Midnight Sun,https://img1.ak.crunchyroll.com/i/spire3-tmb/ffc8b4cfef440dc60c03480a50f758b51563264994_full.jpg
97940,Episode 93 - Julius Novachrono,https://img1.ak.crunchyroll.com/i/spire2-tmb/045ac90a53df8516b15ff725f36e00e71563870438_full.jpg
97940,Episode 94 - New Future,https://img1.ak.crunchyroll.com/i/spire2-tmb/2d847367247b11388b55137b8a645d1b1564461121_full.jpg
97940,Episode 95 - Reincarnation,https://img1.ak.crunchyroll.com/i/spire1-tmb/a963e7069ec489a8c2d2e19eea60a2e61565082227_full.jpg
97940,Episode 96 - The Black Bulls Captain vs the Crimson Wild Rose,https://img1.ak.crunchyroll.com/i/spire2-tmb/a00bc63f21553dba50f0bd3201328c901565687646_full.jpg
97940,Episode 97 - Overwhelming Disadvantage,https://img1.ak.crunchyroll.com/i/spire3-tmb/956153ce027b9cfd0ac0a6d14d2644611566290389_full.jpg
97940,Episode 98 - The Sleeping Lion,https://img1.ak.crunchyroll.com/i/spire3-tmb/002837f8c939f9945888955a40c24bdf1566888375_full.jpg
97940,Episode 99 - The Desperate Path Toward Survival,https://img1.ak.crunchyroll.com/i/spire3-tmb/867c109304a652d0cc0e78beba83d8671567501927_full.jpg
97940,Episode 100 - We Won't Lose to You,https://img1.ak.crunchyroll.com/i/spire3-tmb/c1a7a6bdb9eb1cee0fc1b34872293d951568100928_full.jpg
97940,Episode 101 - The Lives of the Village in the Sticks,https://img1.ak.crunchyroll.com/i/spire1-tmb/1b292eb90fa45c2fab1364e951d4268f1568710109_full.jpg
97940,Episode 102 - Two Miracles,https://img1.ak.crunchyroll.com/i/spire2-tmb/cdc469f4e77c7f69eca15a446cbaaa011569436951_full.jpg
97940,Episode 103 - Release from Misfortune,https://img1.ak.crunchyroll.com/i/spire2-tmb/5f9d7bf7d21c4860047bdcc9359cd4fa1569919108_full.jpg
97940,Episode 104 - Lightning of Rage vs. Friends,https://img1.ak.crunchyroll.com/i/spire3-tmb/66c9845dd7958ac571c745281df6c01c1570525162_full.jpg
97940,"Episode 105 - Smiles, Tears",https://img1.ak.crunchyroll.com/i/spire2-tmb/64812b2aa4690b75478f49eddecb165d1571133596_full.jpg
97940,"Episode 106 - Path of Revenge, Path of Atonement",https://img1.ak.crunchyroll.com/i/spire1-tmb/6a4949f6162df8d8646f421c3fc85a141571733666_full.jpg
97940,Episode 107 - The Battle for Clover Castle,https://img1.ak.crunchyroll.com/i/spire1-tmb/6507ce58e4042e0fef4ba7462921aee01572341667_full.jpg
97940,Episode 108 - Battlefield Dancer,https://img1.ak.crunchyroll.com/i/spire3-tmb/32a135eef7cf3797e2c518c2691e23f01572943288_full.jpg
97940,Episode 109 - Spatial Mage Brothers,https://img1.ak.crunchyroll.com/i/spire4-tmb/d486dbdac2edf9c3f7aa7946ac402d5e1573551086_full.jpg
97940,Episode 110 - The Raging Bull Joins the Showdown!!,https://img1.ak.crunchyroll.com/i/spire4-tmb/183b3b9891e4c29ee119b4b0f635ffa11574157449_full.jpg
97940,Episode 111 - The Eyes in the Mirror,https://img1.ak.crunchyroll.com/i/spire4-tmb/7d2da2cdce11cc99022676906a730e611574763244_full.jpg
97940,Episode 112 - Humans Who Can Be Trusted,https://img1.ak.crunchyroll.com/i/spire2-tmb/a6290a25e721e39abaa2793d055d075c1575365789_full.jpg
97940,Episode 113 - Storming the Shadow Palace,https://img1.ak.crunchyroll.com/i/spire1-tmb/6d4a26353b75cdaded087a497a4c351a1575971638_full.jpg
97940,Episode 114 - The Final Invaders,https://img1.ak.crunchyroll.com/i/spire3-tmb/474e6a3931e255c62f0c821602a6e9ca1576573800_full.jpg
97940,Episode 115 - Mastermind,https://img1.ak.crunchyroll.com/i/spire2-tmb/8babff7b1a2aeb45b402c0b1a8ddc5791577182037_full.jpg
97940,Episode 116 - The Ultimate Natural Enemy,https://img1.ak.crunchyroll.com/i/spire4-tmb/561353732b64dc4acacd43b00b971a9d1578382054_full.jpg
97940,Episode 117 - Breaking the Seal,https://img1.ak.crunchyroll.com/i/spire1-tmb/73be425c81e2f294e235b1467623e2b41578998105_full.jpg
97940,Episode 118 - A Reunion Across Time and Space,https://img1.ak.crunchyroll.com/i/spire3-tmb/654719fda148f7561999419383b932061579597793_full.jpg
97940,Episode 119 - The Final Attack,https://img1.ak.crunchyroll.com/i/spire4-tmb/34a1cd7a341d8c70eff96cfbc4a1d4961580206549_full.jpg
97940,Episode 120 - Dawn,https://img1.ak.crunchyroll.com/i/spire2-tmb/a7ce9f5dadb4a883503ad85d382da5551580809760_full.jpg
97940,Episode 121 - Three Problems,https://img1.ak.crunchyroll.com/i/spire2-tmb/8456462a77c33a2128d9edd42170bdd51581413625_full.jpg
97940,Episode 122 - As Pitch Black as It Gets,https://img1.ak.crunchyroll.com/i/spire2-tmb/89405d6f5fe723123eb3ce8ba6e6d4321582019025_full.jpg
97940,Episode 123 - Nero Reminisces... Part One,https://img1.ak.crunchyroll.com/i/spire2-tmb/5d63624376fc3096e1f711910b32b9461582621183_full.jpg
97940,Episode 124 - Nero Reminisces... Part Two,https://img1.ak.crunchyroll.com/i/spire1-tmb/76a6e2ff7720d369f50df0fce21b3d1d1583229101_full.jpg
97940,Episode 125 - Return,https://img1.ak.crunchyroll.com/i/spire2-tmb/77485705e04f097cc41d5518b1edcab61583818414_full.jpg
97940,Episode 126 - The Blue Rose's Confession,https://img1.ak.crunchyroll.com/i/spire3-tmb/963f6f8c305867f2b44e5e6b09d251731584435089_full.jpg
97940,Episode 127 - Clues,https://img1.ak.crunchyroll.com/i/spire3-tmb/85e5a0fa846ac2205df392e4f02f26961585038149_full.jpg
97940,Episode 128 - To the Heart Kingdom!,https://img1.ak.crunchyroll.com/i/spire3-tmb/cb6ae4559866a415e96b5cb3d9aa819a1585639026_full.jpg
97940,Episode 129 - The Devil Megicula,https://img1.ak.crunchyroll.com/i/spire1-tmb/d64a855bf24349e8bc8ad99f3fdbcbcb1586248176_full.jpg
97940,Episode 130 - The New Magic Knights Captain Conference,https://img1.ak.crunchyroll.com/i/spire2-tmb/00417d9f458fe06ec50d4ea6dea6cffe1586858325_full.jpg
97940,Episode 131 - A New Resolve,https://img1.ak.crunchyroll.com/i/spire1-tmb/5d86211025ffb1d4023017e88c4aae521587461172_full.jpg
97940,Episode 132 - The Lion Awakens,https://img1.ak.crunchyroll.com/i/spire3-tmb/3a52cdb6532c94759d5c6ba8345045b91588057412_full.jpg
97940,"Episode 133 - The Lion Awakens, Continued",https://img1.ak.crunchyroll.com/i/spire3-tmb/9210a137812fc2ccc94e4262caaac1181594104621_full.jpg
97940,Episode 134 - Those Who Have Been Gathered,https://img1.ak.crunchyroll.com/i/spire3-tmb/325eb9de7f47126ca0f10e42648181631594712388_full.jpg
97940,"Episode 135 - The One Who Has My Heart, My Mind, and Soul",https://img1.ak.crunchyroll.com/i/spire2-tmb/c12e715cdb3daafdf00ee9f91865b30d1595310168_full.jpg
97940,Episode 136 - A Black Deep-Sea Story,https://img1.ak.crunchyroll.com/i/spire1-tmb/dbad2ffdce1cc8a07db4d615c6ab36041595924204_full.jpg
97940,"Episode 137 - Charmy's Century of Hunger, Gordon's Millennium of Loneliness",https://img1.ak.crunchyroll.com/i/spire1-tmb/65bfb7562710a116843bb1f0dd0a57591596529632_full.jpg
97940,Episode 138 - In Zara's Footsteps,https://img1.ak.crunchyroll.com/i/spire1-tmb/607ab848312d7cfc2ab8d5e437a23b961597136453_full.jpg
97940,Episode 139 - A Witch's Homecoming,https://img1.ak.crunchyroll.com/i/spire1-tmb/73e327f2bafdf8a71ff225f0edd295251597734934_full.jpg
97940,Episode 140 - A Favor for Julius,https://img1.ak.crunchyroll.com/i/spire2-tmb/364081976344c3c13596241f1d9ad4031598346902_full.jpg
97940,Episode 141 - The Golden Family,https://img1.ak.crunchyroll.com/i/spire3-tmb/1f33d145374dca981921527543ac66301598953943_full.jpg
97940,Episode 142 - Those Remaining,https://img1.ak.crunchyroll.com/i/spire3-tmb/d31dce4f2e6cafc2d1e2df03a9f8d70e1599549805_full.jpg
97940,Episode 143 - The Tilted Scale,https://img1.ak.crunchyroll.com/i/spire2-tmb/66df072a2f13c93141a6e43135c1f0cb1600162632_full.jpg
97940,Episode 144 - Those Who Wish for the Devil's Demise,https://img1.ak.crunchyroll.com/i/spire3-tmb/fdc0cea8f30695d6539ad3e9446615e51600765452_full.jpg
97940,Episode 145 - Rescue,https://img1.ak.crunchyroll.com/i/spire1-tmb/c4c06ca1aa1d8155f91dbee88d7fc4ff1601371187_full.jpg
97940,Episode 146 - Those Who Worship the Devil,https://img1.ak.crunchyroll.com/i/spire2-tmb/443b3e7af98c5e59aaea8c516e751f701601971897_full.jpg
97940,Episode 147 - Prepared to Die,https://img1.ak.crunchyroll.com/i/spire1-tmb/e030845b9de304ca241bfff1c3fbfbb81602586275_full.jpg
97940,Episode 148 - Becoming the Light That Shines Through the Darkness,https://img1.ak.crunchyroll.com/i/spire2-tmb/7dafb3af62a8376f5dfbe33518c5752f1603181788_full.jpg
97940,Episode 149 - Two Things We Need to Find,https://img1.ak.crunchyroll.com/i/spire1-tmb/4d19279f40683d4b1cc81f44b32a017a1603785382_full.jpg
97940,Episode 150 - The Maidens' Challenge,https://img1.ak.crunchyroll.com/i/spire3-tmb/87d02367ed91888a138d529a7962af2f1604399699_full.jpg
97940,Episode 151 - Clash! The Battle of the Magic Knights Squad Captains,https://img1.ak.crunchyroll.com/i/spire3-tmb/ca57fce0f698b9233a9d5c6723ad107e1604991189_full.jpg
97940,Episode 152 - To Tomorrow!,https://img1.ak.crunchyroll.com/i/spire1-tmb/a399ea9887e89b4934a4199a11cd0de51605599746_full.jpg
97940,Episode 153 - The Chosen Ones,https://img1.ak.crunchyroll.com/i/spire2-tmb/a3218ec11bf31c87c0ecb67a8c2121421606210619_full.jpg
97940,Episode 154 - Vice Captain Langris Vaude,https://img1.ak.crunchyroll.com/i/spire4-tmb/f21cb478c15895c41d676e9b4cc7f61b1606819652_full.jpg
97940,Episode 155 - The 5 Spirit Guardians,https://img1.ak.crunchyroll.com/i/spire4-tmb/4fcafc619ab70ccd1894c9bf34185fda1607423968_full.jpg
97940,Episode 156 - Awakening Powers,https://img1.ak.crunchyroll.com/i/spire1-tmb/cd15e8452917be9d498b7db7572ab3111608026445_full.jpg
97940,Episode 157 - Five-Leaf Clover,https://img1.ak.crunchyroll.com/i/spire1-tmb/ff6be7ce605a905d407e10c6a5d978d61608627475_full.jpg
97940,Episode 158 - The Beginning of Hope and Despair,https://img1.ak.crunchyroll.com/i/spire1-tmb/24a527116b00b58a7fb29953128688e51609832428_full.jpg
97940,Episode 159 - Quiet Lakes and Forest Shadows,https://img1.ak.crunchyroll.com/i/spire1-tmb/f6a9936de1428f667b92618896ad5db21610446981_full.jpg
97940,Episode 160 - The Messenger from the Spade Kingdom,https://img1.ak.crunchyroll.com/i/spire4-tmb/874de9bc496e299d9e032ef1f632a4e41611040219_full.jpg
97940,Episode 161 - Zenon's Power,https://img1.ak.crunchyroll.com/i/spire3-tmb/1af32487ca49fec74113a94743f6983a1611644967_full.jpg
97940,Episode 162 - The Great War Breaks Out,https://img1.ak.crunchyroll.com/i/spire3-tmb/acff11284a4f3307e1a902cae394acea1612244361_full.jpg
97940,Episode 163 - Dante VS The Captain of the Black Bulls,https://img1.ak.crunchyroll.com/i/spire2-tmb/f387eb9b7bf5ec76e2c79a87d43e764b1612861935_full.jpg
97940,Episode 164 - Battlefield: Heart Kingdom,https://img1.ak.crunchyroll.com/i/spire3-tmb/ea6235b55fa7acf4e86533f8ae1d5cdf1613468604_full.jpg
97940,Episode 165 - Water Crusade,https://img1.ak.crunchyroll.com/i/spire3-tmb/9d3e36b67be5692ae25d197f1b0d37841614074521_full.jpg
97940,Episode 166 - Captain: Yami Sukehiro,https://img1.ak.crunchyroll.com/i/spire4-tmb/0a77c78e577f2fde882f4203697446d31614681278_full.jpg
97940,Episode 167 - Black Oath,https://img1.ak.crunchyroll.com/i/spire2-tmb/a05ea8107d0e73c133b7f994f6c14fb51615278854_full.jpg
97940,Episode 168 - Stirrings of the Strongest,https://img1.ak.crunchyroll.com/i/spire1-tmb/ad88538d141f0140d135dac74e3a77ed1615885222_full.jpg
97940,Episode 169 - The Devil-Binding Ritual,https://img1.ak.crunchyroll.com/i/spire1-tmb/b1d4ccf59c146f0f74103b85a1e289541616489625_full.jpg
97940,Episode 170 - The Faraway Future,https://img1.ak.crunchyroll.com/i/spire1-tmb/c9f55b9c783014f912486c054c9358cf1617088983_full.jpg
16498,"Episode 1 - To You, 2,000 Years in the Future -The Fall of Zhiganshina (1)",https://img1.ak.crunchyroll.com/i/spire1-tmb/b199406edeebc19a7f4e4412d6e1dfcc1365964779_full.jpg
16498,Episode 2 - That Day - The Fall of Zhiganshina (2),https://img1.ak.crunchyroll.com/i/spire3-tmb/b9fbee83c6c9a6353383a36b81d861211365965650_full.jpg
16498,Episode 3 - A Dim Light in the Darkness of Despair - Humanity Rises Again (1),https://img1.ak.crunchyroll.com/i/spire3-tmb/c7b6627f8880562f34268096f9c55c051366564160_full.jpg
16498,Episode 4 - Night of the Graduation Ceremony - Humanity Rises Again (2),https://img1.ak.crunchyroll.com/i/spire2-tmb/941f10ee007bd7a2704d00dfb460c8fa1367145015_full.jpg
16498,Episode 5 - First Battle - Battle of Trost (1),https://img1.ak.crunchyroll.com/i/spire2-tmb/cc56e86eb68f3afde55d62e008fddb441367805554_full.jpg
16498,Episode 6 - The World the Girl Saw - Battle for Trost (2),https://img1.ak.crunchyroll.com/i/spire4-tmb/0b9d827f813bd0f5b934721b7cce37d31368457914_full.jpg
16498,Episode 7 - The Small Blade - The Battle for Trost (3),https://img1.ak.crunchyroll.com/i/spire3-tmb/adea712fbf73a3096ace5c4bcfb94ab71368954327_full.jpg
16498,Episode 8 - Hearing the Heartbeat - The Battle for Trost (4),https://img1.ak.crunchyroll.com/i/spire2-tmb/35c4c2b8bb74d8ee888aeff5a90e911c1369526858_full.jpg
16498,Episode 9 - Where the Left Arm Went  - The Battle for Trost (5),https://img1.ak.crunchyroll.com/i/spire1-tmb/dbe188f8378a1fbeb6bd75dca5f4833d1370123553_full.jpg
16498,Episode 10 - Response - The Battle for Trost (6),https://img1.ak.crunchyroll.com/i/spire3-tmb/d817405dd8bb881c6cbea6bfaff591c21370729401_full.jpg
16498,Episode 11 - Icon - The Battle for Trost (7),https://img1.ak.crunchyroll.com/i/spire2-tmb/d178c066f3340c55c1f77f777f9082fd1371318103_full.jpg
16498,Episode 12 - Wound - The Battle for Trost (8),https://img1.ak.crunchyroll.com/i/spire4-tmb/6401b828d7db85669e185d115fa102a41371935223_full.jpg
16498,Episode 13 - Primal Desires - The Battle for Trost (9),https://img1.ak.crunchyroll.com/i/spire1-tmb/69349336c3ef4817e40d7f4b99bee4e51372540942_full.jpg
16498,Episode 14 - Still Can't See - Night Before the Counteroffensive (1),https://img1.ak.crunchyroll.com/i/spire1-tmb/94536ae32c4df9f96d8d8194c674c45d1373752009_full.jpg
16498,Episode 15 - Special Ops Squad - Night Before the Counteroffensive (2),https://img1.ak.crunchyroll.com/i/spire1-tmb/745d6f6f240ffc99cc08f4f4d52f6e0b1374356790_full.jpg
16498,Episode 16 - What Should Be Done - Night Before the Counteroffensive (3),https://img1.ak.crunchyroll.com/i/spire4-tmb/91e17edd483923b330428ac5de39796d1374964414_full.jpg
16498,Episode 17 - Female Titan - 57th Expedition Beyond the Walls (1),https://img1.ak.crunchyroll.com/i/spire1-tmb/af666f0f1d7dac4aea8fd7b548419e001375570078_full.jpg
16498,Episode 18 - Forest of Giant Trees - 57th Expedition Beyond the Walls (2),https://img1.ak.crunchyroll.com/i/spire2-tmb/96361bbd829a6ba6aa8d7e803b18ef3e1376169742_full.jpg
16498,Episode 19 - Bite - 57th Expedition Beyond the Walls (3),https://img1.ak.crunchyroll.com/i/spire4-tmb/fbb4f7f661b9fe2e169bde507c96df441376778966_full.jpg
16498,Episode 20 - Erwin Smith - 57th Expedition Beyond the Walls (4),https://img1.ak.crunchyroll.com/i/spire2-tmb/d6f7322acdd63ccc27387feea0fd8a661377384263_full.jpg
16498,Episode 21 - Crushing Blow - 57th Expedition Beyond the Walls (5),https://img1.ak.crunchyroll.com/i/spire4-tmb/554197194719955e2f746fc300540f321377988494_full.jpg
16498,Episode 22 - The Defeated - 57th Expedition Beyond the Walls (6),https://img1.ak.crunchyroll.com/i/spire2-tmb/350c8f1fddd535e04cfb4b29b4e3ab751378592642_full.jpg
16498,Episode 23 - Smile - Raid on Stohess District (1),https://img1.ak.crunchyroll.com/i/spire3-tmb/5c2122871212f063628d60a0280568bf1379190681_full.jpg
16498,Episode 24 - Mercy - Raid on Stohess District (2),https://img1.ak.crunchyroll.com/i/spire3-tmb/83697a20a24c8d623cba002043e8e5241379794821_full.jpg
16498,Episode 25 - The Wall - Raid on Stohess District (3),https://img1.ak.crunchyroll.com/i/spire3-tmb/09379010a52b6c46c3e8fd0939974a071380395420_full.jpg
269,Episode 1 - Untitled,https://img1.ak.crunchyroll.com/i/spire3-tmb/3873f2dbcef91cf5919ec90176d4f7611279747858_full.jpg
269,Episode 2 - Untitled,https://img1.ak.crunchyroll.com/i/spire1-tmb/e0ae548ed0fc96568a217e49d41dc4801279757208_full.jpg
269,Episode 3 - Untitled,https://img1.ak.crunchyroll.com/i/spire3-tmb/0a1ea978f1279da4a07074420a77b7891279764550_full.jpg
269,Episode 4 - Untitled,https://img1.ak.crunchyroll.com/i/spire2-tmb/7cd5fc1235f641294007b0b84765fd971279770807_full.jpg
269,Episode 5 - Untitled,https://img1.ak.crunchyroll.com/i/spire1-tmb/f414fcce81a5735aca37b0db8e65a52f1279776673_full.jpg
269,Episode 6 - Untitled,https://img1.ak.crunchyroll.com/i/spire3-tmb/4f2269e9d9829e0f8316e385dc1a7b2f1279782598_full.jpg
269,Episode 7 - Untitled,https://img1.ak.crunchyroll.com/i/spire3-tmb/e2a93f5105ec79a675b597ab5860a3bb1279789747_full.jpg
269,Episode 8 - Untitled,https://img1.ak.crunchyroll.com/i/spire1-tmb/b20f4aadcfb1f7821d4f47ab91432d3b1279794264_full.jpg
269,Episode 9 - Untitled,https://img1.ak.crunchyroll.com/i/spire2-tmb/e111417107694e9b0bdb34ab5e6fc32c1279798939_full.jpg
269,Episode 10 - Untitled,https://img1.ak.crunchyroll.com/i/spire2-tmb/92004cc0fa9f07bdce107ff0af762af41279741437_full.jpg
269,Episode 11 - Untitled,https://img1.ak.crunchyroll.com/i/spire4-tmb/0c58299f9db287a925a428c64db90dcf1279741180_full.jpg
269,Episode 12 - Untitled,https://img1.ak.crunchyroll.com/i/spire3-tmb/3822ad302d17b09643a83243762a1cfb1279741190_full.jpg
269,Episode 13 - Untitled,https://img1.ak.crunchyroll.com/i/spire3-tmb/f0a948da54bd85354f08ccb57eaf20141279743393_full.jpg
269,Episode 14 - Untitled,https://img1.ak.crunchyroll.com/i/spire2-tmb/4b5fdd73a9fc65302c8f21e29a9446d31279743219_full.jpg
269,Episode 15 - Untitled,https://img1.ak.crunchyroll.com/i/spire1-tmb/4a7603eca3b0c5f3b7fb4bdb5a8c9f361279745510_full.jpg
269,Episode 16 - Untitled,https://img1.ak.crunchyroll.com/i/spire4-tmb/9c5dd7f0e0b9596e939e21eb418442131279744481_full.jpg
269,Episode 17 - Untitled,https://img1.ak.crunchyroll.com/i/spire2-tmb/a4c7fcdd501afccce947682f60d70bcb1279745630_full.jpg
269,Episode 18 - Untitled,https://img1.ak.crunchyroll.com/i/spire4-tmb/058d765fbd994ac9ae76d098455dd6b91279744346_full.jpg
269,Episode 19 - Untitled,https://img1.ak.crunchyroll.com/i/spire1-tmb/22fd939ffe605c413188dd2fb0e3099f1279747741_full.jpg
269,Episode 20 - Untitled,https://img1.ak.crunchyroll.com/i/spire1-tmb/8724eab72832289570eb6dc1cb1ec5f51279748903_full.jpg
187387,Episode 4 - Don't Get Used to Being Alone! Takeru's First Centennial Pandemonium!,https://img1.ak.crunchyroll.com/i/spire4-tmb/615af6ec536c127e0ff8b4135a53c4be1753288897_full.jpg
187387,Episode 3 - Don't Just Focus on What You Can See! Yura's Wavering Feelings,https://img1.ak.crunchyroll.com/i/spire4-tmb/da2fab0f5c2e2c70af70df098159c9e51752683874_full.jpg
187387,Episode 2 - You Can't Build Trust with Words! This Delinquent Will Be an Onmyoji,https://img1.ak.crunchyroll.com/i/spire1-tmb/4e59018cee2d9d75d73b8dc6032f3d3c1752075219_full.jpg
187387,Episode 1 - Don't Admit Defeat Even If You're Dead! A Delinquent in Denji Heian-kyo!,https://img1.ak.crunchyroll.com/i/spire3-tmb/8116b1810c585280eedadc52a975aed21751471213_full.jpg
173335,Episode 2 - Song of Purification,https://img1.ak.crunchyroll.com/i/spire3-tmb/c401b1df6eddc04947535a173bbd26f31752772376_full.jpg
173335,Episode 1 - Witchling: Part 2,https://img1.ak.crunchyroll.com/i/spire4-tmb/278c3aaa6d5b2d2554e1f02a8557e9301752164002_full.jpg
173335,Episode 0 - Witchling- Part 1,https://img1.ak.crunchyroll.com/i/spire1-tmb/5abe0460c7a07964446ef48b44eed7071751555077_full.jpg
161645,Episode 48 - The Beginning,https://img1.ak.crunchyroll.com/i/spire4-tmb/684f1e23301186ac476d81dccfcf0d9f1751641470_full.jpg
161645,Episode 47 - The Shi Clan,https://img1.ak.crunchyroll.com/i/spire1-tmb/e3c0ecacad4d061e52f12e9dc7a92e3f1751029483_full.jpg
161645,Episode 46 - Royal Guard,https://img1.ak.crunchyroll.com/i/spire1-tmb/6f5547c8cf0bf16af678f001f4b76ef91749828530_full.jpg
161645,Episode 45 - Taibon,https://img1.ak.crunchyroll.com/i/spire3-tmb/04a6ed5db2e73d5d4cc406ade92edb471749226051_full.jpg
161645,Episode 44 - The Stronghold,https://img1.ak.crunchyroll.com/i/spire1-tmb/4855905bceedac06455b5b63a4d9b9381748623687_full.jpg
161645,Episode 43 - Festival,https://img1.ak.crunchyroll.com/i/spire1-tmb/8c4b27c06b3ec17a0f39dfccef8bd7e41748017056_full.jpg
161645,Episode 42 - Lantern Plant,https://img1.ak.crunchyroll.com/i/spire2-tmb/7058956511c24ea6948c928ee38f86411746806897_full.jpg
161645,Episode 41 - Fox Village,https://img1.ak.crunchyroll.com/i/spire3-tmb/2dcdaa962da3cd25a33916216add5b541746199755_full.jpg
161645,Episode 40 - Festering Resentment,https://img1.ak.crunchyroll.com/i/spire4-tmb/de5892a568267d7e29dd7495df6d72401745592100_full.jpg
161645,Episode 39 - Ice,https://img1.ak.crunchyroll.com/i/spire1-tmb/07a1d7b71fae297e02a34d1de3211c231744989687_full.jpg
161645,Episode 38 - The Dancing Ghost,https://img1.ak.crunchyroll.com/i/spire2-tmb/23b2f1547473283035ff16100961cbe21744388803_full.jpg
161645,Episode 37 - The Baths,https://img1.ak.crunchyroll.com/i/spire2-tmb/dec082d6da739511093952f79639f79b1743764428_full.jpg
161645,Episode 36 - Ka Zuigetsu,https://img1.ak.crunchyroll.com/i/spire4-tmb/0a38f519fcc61a0b06277ab8de972b441743172143_full.jpg
161645,Episode 35 - The Hunt,https://img1.ak.crunchyroll.com/i/spire1-tmb/71d821fdc41ec5bd48b78355a6b197e61742573588_full.jpg
161645,Episode 34 - A Ghost Story,https://img1.ak.crunchyroll.com/i/spire3-tmb/6e498db105721c70e584112a6c08c7111741968829_full.jpg
161645,Episode 33 - The Late Emperor,https://img1.ak.crunchyroll.com/i/spire4-tmb/1d6c455c7cf4465e7439e048684268c61741366868_full.jpg
161645,Episode 32 - The Empress Dowager,https://img1.ak.crunchyroll.com/i/spire3-tmb/2dbd3d143531aa494fb0c9e7abdfcc821740757602_full.jpg
161645,Episode 31 - The Shrine of Choosing,https://img1.ak.crunchyroll.com/i/spire1-tmb/320edf06ef7e17fc5c7e3636c57c055c1740154684_full.jpg
161645,"Episode 30 - The Crystal Pavilion, For the Third Time",https://img1.ak.crunchyroll.com/i/spire4-tmb/08430bd822e4e919c1bf5214734704741739547157_full.jpg
161645,Episode 29 - The Moon Fairy,https://img1.ak.crunchyroll.com/i/spire3-tmb/b65eb9ac72c75cc25c47f1056e14f4bb1738945870_full.jpg
161645,Episode 28 - Mirror,https://img1.ak.crunchyroll.com/i/spire2-tmb/fbb607f88350ea5aa90de69a454f53ef1738339602_full.jpg
161645,Episode 27 - Corpse Fungus,https://img1.ak.crunchyroll.com/i/spire4-tmb/066f609a9d274d993b46126a3ea730991737721646_full.jpg
161645,Episode 26 - Caravan,https://img1.ak.crunchyroll.com/i/spire3-tmb/534d2fd94aec6ae647f2670509137d031737129686_full.jpg
161645,Episode 25 - Maomao and Maomao,https://img1.ak.crunchyroll.com/i/spire2-tmb/dcd8594821409d91f04889eecfb9b8281736524318_full.jpg
156092,Episode 16 - The Cure,https://img1.ak.crunchyroll.com/i/spire3-tmb/e4672c7f6ef71f01e793d6f9cce18ae41752966186_full.jpg
156092,Episode 15 - Affective Disorder,https://img1.ak.crunchyroll.com/i/spire4-tmb/d8da7c7c70b3dd8fca66e128e0cf1f9a1752365530_full.jpg
156092,Episode 14 - Impromptu Counterattack,https://img1.ak.crunchyroll.com/i/spire3-tmb/4d068876ad2750928c0dbb69f187e4841751759530_full.jpg
156092,Episode 13 - Tough Girl,https://img1.ak.crunchyroll.com/i/spire3-tmb/0b931813fa81a63dee00aa73ec611aac1751154344_full.jpg
156092,Episode 12 - Fall of the Star,https://img1.ak.crunchyroll.com/i/spire4-tmb/cc09610cade50a15c479438963aa55071750546948_full.jpg
156092,Episode 11 - Road to the Crown,https://img1.ak.crunchyroll.com/i/spire2-tmb/ea76d24f3e4b70fecd0a12ec64eea6a81749943269_full.jpg
156092,Episode 10 - The Truth Behind Luck,https://img1.ak.crunchyroll.com/i/spire2-tmb/4ca7d562f94e3e4f0637cf73cf10bd651749341074_full.jpg
156092,Episode 9 - Loss and Gain,https://img1.ak.crunchyroll.com/i/spire4-tmb/a097d1dd1c1a247dfc65f752db0b5bc01748733344_full.jpg
156092,Episode 8 - The Cyan Girl,https://img1.ak.crunchyroll.com/i/spire1-tmb/d23afdda388d9122283a3ee44e1737c11748128955_full.jpg
156092,Episode 7 - Three Seats,https://img1.ak.crunchyroll.com/i/spire4-tmb/eea52530b40b2655cc5f8292c034dc8f1747524296_full.jpg
156092,Episode 6 - Two E-Souls,https://img1.ak.crunchyroll.com/i/spire3-tmb/a537cff4dd678f710ab7ea7bab08ae5f1746919834_full.jpg
156092,Episode 5 - One Actor,https://img1.ak.crunchyroll.com/i/spire2-tmb/43f1b9f1c2ae0782f079c7cb768908951746314905_full.jpg
156092,Episode 4 - The Commoner,https://img1.ak.crunchyroll.com/i/spire3-tmb/caabeb68850d12b35e6f2826fc0196051745708168_full.jpg
156092,Episode 3 - The Ever-Standing Hero,https://img1.ak.crunchyroll.com/i/spire1-tmb/4c3b08923574664a122e9ade72ad11591745102692_full.jpg
156092,Episode 2 - Moon,https://img1.ak.crunchyroll.com/i/spire2-tmb/272461788d68dcfda22d1534e33c5cb81744497093_full.jpg
156092,Episode 1 - NICE,https://img1.ak.crunchyroll.com/i/spire2-tmb/e32e2a4ec926ff2d9f26cdc8ffceb85b1743894058_full.jpg
154587,Episode 1 - The Journey's End,https://img1.ak.crunchyroll.com/i/spire1-tmb/0a540e01e5d00a998a241d1ea23181ad1695991424_full.jpg
154587,Episode 2 - It Didn't Have to Be Magic...,https://img1.ak.crunchyroll.com/i/spire1-tmb/747ed837208f39c176f3bf2b21e619cf1695997330_full.jpg
154587,Episode 3 - Killing Magic,https://img1.ak.crunchyroll.com/i/spire1-tmb/f5297f95ee0122d9fa2338bc02e2f0841695997426_full.jpg
154587,Episode 4 - The Land Where Souls Rest,https://img1.ak.crunchyroll.com/i/spire2-tmb/be41aa39b17e6af8505008be17704fc21695997457_full.jpg
154587,Episode 5 - Phantoms of the Dead,https://img1.ak.crunchyroll.com/i/spire4-tmb/5511652dd902e2c68713a059d79524681696586792_full.jpg
154587,Episode 6 - The Hero of the Village,https://img1.ak.crunchyroll.com/i/spire2-tmb/8f58dbe3742e24df5cfcb34e966343cb1697192129_full.jpg
154587,Episode 7 - Like a Fairy Tale,https://img1.ak.crunchyroll.com/i/spire4-tmb/7415f048b9950f447fe53daf052b83511697807940_full.jpg
154587,Episode 8 - Frieren the Slayer,https://img1.ak.crunchyroll.com/i/spire1-tmb/b4c1b2828197930c28e7222c8674f7db1698398711_full.jpg
154587,Episode 9 - Aura the Guillotine,https://img1.ak.crunchyroll.com/i/spire3-tmb/011eed937d57541a48b41654aa7196f41699023505_full.jpg
154587,Episode 10 - A Powerful Mage,https://img1.ak.crunchyroll.com/i/spire2-tmb/71a64490900288c051509d5ead8078c81699629921_full.jpg
154587,Episode 11 - Winter in the Northern Lands,https://img1.ak.crunchyroll.com/i/spire3-tmb/1d362c34b136f3d7dae0f8e2483d292c1700200761_full.jpg
154587,Episode 12 - A Real Hero,https://img1.ak.crunchyroll.com/i/spire1-tmb/a4fb43dd94ffef24c89c737cb582d9d71700837484_full.jpg
154587,Episode 13 - Aversion to One's Own Kind,https://img1.ak.crunchyroll.com/i/spire4-tmb/daec8c87d3d141cb4db3862d6dbce8e61701407594_full.jpg
154587,Episode 14 - Privilege of the Young,https://img1.ak.crunchyroll.com/i/spire2-tmb/571e40382b362b8e079a1c1105f9aa121702044026_full.jpg
154587,Episode 15 - Smells Like Trouble,https://img1.ak.crunchyroll.com/i/spire3-tmb/0632aa850feca384b1586dedbafc75771702649756_full.jpg
154587,Episode 16 - Long-Lived Friends,https://img1.ak.crunchyroll.com/i/spire2-tmb/089ef00e4cd07c88f94f19cc748bcb991703259561_full.jpg
154587,Episode 17 - Take Care,https://img1.ak.crunchyroll.com/i/spire3-tmb/e18f2ee07942246cd068fad9d154adaa1704458527_full.jpg
154587,Episode 18 - First-Class Mage Exam,https://img1.ak.crunchyroll.com/i/spire4-tmb/8b67d3369e6d5cff70354925f129e47a1705032276_full.jpg
154587,Episode 19 - Well-Laid Plans,https://img1.ak.crunchyroll.com/i/spire1-tmb/edc57dc72424d622047aa9ff632722d01705668067_full.jpg
154587,Episode 20 - Necessary Killing,https://img1.ak.crunchyroll.com/i/spire1-tmb/5084aa3fa2b746c4d94ce982a02f53831706275610_full.jpg
154587,Episode 21 - The World of Magic,https://img1.ak.crunchyroll.com/i/spire2-tmb/1bff419f590742822f733d968b2bfece1706866862_full.jpg
154587,Episode 22 - Future Enemies,https://img1.ak.crunchyroll.com/i/spire1-tmb/9c5901edffefae3af8732ebad4a5a51b1707491556_full.jpg
154587,Episode 23 - Conquering the Labyrinth,https://img1.ak.crunchyroll.com/i/spire4-tmb/f3560639fe0f53c64bf6e25cd84fb1e91708082146_full.jpg
154587,Episode 24 - Perfect Replicas,https://img1.ak.crunchyroll.com/i/spire2-tmb/ddefe54ecd4b64728dd2aebaae6284601708700271_full.jpg
154587,Episode 25 - A Fatal Vulnerability,https://img1.ak.crunchyroll.com/i/spire3-tmb/56674020dfd38ca7445e9d1c340e81ea1709305367_full.jpg
154587,Episode 26 - The Height of Magic,https://img1.ak.crunchyroll.com/i/spire4-tmb/8190c1e5388f2f83a19f9fd550d355801709908851_full.jpg
154587,Episode 27 - An Era of Humans,https://img1.ak.crunchyroll.com/i/spire2-tmb/87a75d6cd7468397e75311ed1dee58d31710511818_full.jpg
154587,Episode 28 - It Would Be Embarrassing When We Met Again,https://img1.ak.crunchyroll.com/i/spire1-tmb/fccf5fe3454a077e0d68299b7453e5121711114121_full.jpg
171046,Episode 3 - Idol Song,https://img1.ak.crunchyroll.com/i/spire3-tmb/8c5bf1a557bd48f2012a85b3a1fa60d51752942255_full.jpg
171046,Episode 2 - What Flavor is the Atmosphere?,https://img1.ak.crunchyroll.com/i/spire3-tmb/99f2530ab136c28ef80b27c7f34b917f1752332930_full.jpg
171046,Episode 1 - Puberty Continues,https://img1.ak.crunchyroll.com/i/spire1-tmb/1944763ec892ad3dfa7a7782f126db451751728629_full.jpg
149118,Episode 12 - The Madness of the Distant Past,https://img1.ak.crunchyroll.com/i/spire3-tmb/1e471b8ed579ee8a99daf9cec6e3df651750442231_full.jpg
149118,Episode 11 - The Great Kaiju Battlefront,https://img1.ak.crunchyroll.com/i/spire1-tmb/5d4b0e8efc2bd6a4634ea3ef659c776e1749837462_full.jpg
149118,Episode 10 - Advent,https://img1.ak.crunchyroll.com/i/spire2-tmb/c1d4038335b1917d9b454819ff9d58201749226106_full.jpg
149118,"Episode 9 - Holy Sword, Resurrected",https://img1.ak.crunchyroll.com/i/spire1-tmb/4d93c831548b4694244745497658d7ff1748625948_full.jpg
149118,Episode 8 - Holy Mother of Darkness / The Knight King's Great Adventure,https://img1.ak.crunchyroll.com/i/spire3-tmb/0d97b6344297daef743fda6ef8a07a891748018373_full.jpg
149118,Episode 7 - Sleeping Truth,https://img1.ak.crunchyroll.com/i/spire4-tmb/2d684987766a369903532e14171311d91747416441_full.jpg
149118,Episode 6 - Beyond Prayer's End,https://img1.ak.crunchyroll.com/i/spire4-tmb/c47f980727128259e9478ba8a39f71a81746813665_full.jpg
149118,Episode 5 - Chance Meeting with an Arch-Enemy,https://img1.ak.crunchyroll.com/i/spire1-tmb/992e0e109160cee9ba8b4a9593a445171746206553_full.jpg
149118,Episode 4 - Golden Secret,https://img1.ak.crunchyroll.com/i/spire2-tmb/4545ba983d75b87dd94aa52f4e86e1c31745593514_full.jpg
149118,Episode 3 - Incarnation of Flame,https://img1.ak.crunchyroll.com/i/spire1-tmb/93f4717ee813578dac6d1e01fe8aa6441744989745_full.jpg
149118,Episode 2 - Prisoner,https://img1.ak.crunchyroll.com/i/spire1-tmb/744765bb5939a0d1126c07fa2972fb0b1744392511_full.jpg
149118,Episode 1 - Indomitable Resolve,https://img1.ak.crunchyroll.com/i/spire4-tmb/51f4f0e6b0122b8497ddd1044a27c6c41743764516_full.jpg
171018,Episode 15 - You Won't Get Away with This!,https://img1.ak.crunchyroll.com/i/spire2-tmb/ed0cef3e966b0d5fd5e2d4112827fde91752765059_full.jpg
171018,Episode 14 - The Evil Eye,https://img1.ak.crunchyroll.com/i/spire3-tmb/94726726b14192079456dc62491fc48e1752160129_full.jpg
171018,"Episode 13 - Like, This Is the Legend of the Giant Snake",https://img1.ak.crunchyroll.com/i/spire4-tmb/18e1fa11eebd18e47332034e44605a931751553922_full.jpg
113415,Episode 1 - Ryomen Sukuna,https://img1.ak.crunchyroll.com/i/spire3-tmb/1ef057fb7fd088de798cc4a6571cc4a21605858787_full.jpg
113415,Episode 2 - For Myself,https://img1.ak.crunchyroll.com/i/spire4-tmb/4d53a19f3832834b5eeb58494362672f1606459212_full.jpg
113415,Episode 3 - Girl of Steel,https://img1.ak.crunchyroll.com/i/spire3-tmb/16220c7eddb784fbaace05b1e570e3f41607083878_full.jpg
113415,Episode 4 - Curse Womb Must Die,https://img1.ak.crunchyroll.com/i/spire4-tmb/dbce9a0bc0e84830bad8048ba7f7f0d11607697009_full.jpg
113415,Episode 5 - Curse Womb Must Die -II-,https://img1.ak.crunchyroll.com/i/spire3-tmb/fc26d630619ec4865f1cc481e7452de31608308347_full.jpg
113415,Episode 6 - After Rain,https://img1.ak.crunchyroll.com/i/spire3-tmb/df185fffe015701d652f0a22f46d27491608908958_full.jpg
113415,Episode 7 - Assault,https://img1.ak.crunchyroll.com/i/spire2-tmb/627c45766c8bb8722b251296d8b41e0e1609491366_full.jpg
113415,Episode 8 - Boredom,https://img1.ak.crunchyroll.com/i/spire1-tmb/567fd3dd5850cf764721530b01231d851610114584_full.jpg
113415,Episode 9 - Small Fry and Reverse Retribution,https://img1.ak.crunchyroll.com/i/spire4-tmb/90fa2e82e1326a94e7779b9978b74d661610710694_full.jpg
113415,Episode 10 - Idle Transfiguration,https://img1.ak.crunchyroll.com/i/spire4-tmb/3f993b2f34efbcfe01a6d70edd94040d1611324307_full.jpg
113415,Episode 11 - Narrow-minded,https://img1.ak.crunchyroll.com/i/spire4-tmb/a3415f0086b16c500c36ead2f8a6115a1611915565_full.jpg
113415,"Episode 12 - To You, Someday",https://img1.ak.crunchyroll.com/i/spire4-tmb/f01e526b6246b4e39f20d3e66026291f1612528699_full.jpg
113415,Episode 13 - Tomorrow,https://img1.ak.crunchyroll.com/i/spire3-tmb/671e98e1b0d7adba8cd9e987bf1e4a521613119160_full.jpg
113415,Episode 14 - Kyoto Sister School Exchange Event - Group Battle 0 -,https://img1.ak.crunchyroll.com/i/spire4-tmb/001c1724d7377ddae5199108115301b81614961337_full.jpg
113415,Episode 15 - Kyoto Sister School Exchange Event - Group Battle 1 -,https://img1.ak.crunchyroll.com/i/spire4-tmb/c256fde870bbfe5e06d262f9619e43c11615562827_full.jpg
113415,Episode 16 - Kyoto Sister School Exchange Event - Group Battle 2 -,https://img1.ak.crunchyroll.com/i/spire3-tmb/634b1b5aef81deacc96de1196136e3821616157733_full.jpg
113415,Episode 17 - Kyoto Sister School Exchange Event - Group Battle 3 -,https://img1.ak.crunchyroll.com/i/spire3-tmb/20a611db4acbb82c4fee8e878393c6311616764686_full.jpg
113415,Episode 18 - Sage,https://img1.ak.crunchyroll.com/i/spire3-tmb/df6bc2078ddbe883c607cc0149c629411617363908_full.jpg
113415,Episode 19 - Black Flash,https://img1.ak.crunchyroll.com/i/spire4-tmb/a8de712a35a64f0f30abcd8b356fcb511617991745_full.jpg
113415,Episode 20 - Nonstandard,https://img1.ak.crunchyroll.com/i/spire2-tmb/12f0e02621beef5c8a18e5c71c9cfe401618568707_full.jpg
113415,Episode 21 - Jujutsu Koshien,https://img1.ak.crunchyroll.com/i/spire1-tmb/2e5818ee67ec1dc39029d2ccae6af4f31619176411_full.jpg
113415,Episode 22 - The Origin of Blind Obedience,https://img1.ak.crunchyroll.com/i/spire4-tmb/2bfb51c0b436a22010a1370b27b9a0f31619781911_full.jpg
113415,Episode 23 - The Origin of Blind Obedience - 2 -,https://img1.ak.crunchyroll.com/i/spire4-tmb/b2c6d9719205194dca682dd510d2969e1620403205_full.jpg
113415,Episode 24 - Accomplices,https://img1.ak.crunchyroll.com/i/spire2-tmb/457da1fe491e41b44eafad8a284dc9211620982098_full.jpg
180929,Episode 3 - The Lost Planet,https://img1.ak.crunchyroll.com/i/spire3-tmb/c1b1bb5e6908360071dd651947661d2d1753002208_full.jpg
180929,Episode 2 - The Value of Golden Color,https://img1.ak.crunchyroll.com/i/spire1-tmb/5eb239b7d4b617b9542f5ed5d92bd3d71752407737_full.jpg
180929,Episode 1 - My First Mineral Hunt,https://img1.ak.crunchyroll.com/i/spire2-tmb/dffadf56725d5d383dd96ce8c30201bd1751806944_full.jpg
101291,Episode 3 - Idol Song,https://img1.ak.crunchyroll.com/i/spire3-tmb/8c5bf1a557bd48f2012a85b3a1fa60d51752942255_full.jpg
101291,Episode 2 - What Flavor is the Atmosphere?,https://img1.ak.crunchyroll.com/i/spire3-tmb/99f2530ab136c28ef80b27c7f34b917f1752332930_full.jpg
101291,Episode 1 - Puberty Continues,https://img1.ak.crunchyroll.com/i/spire1-tmb/1944763ec892ad3dfa7a7782f126db451751728629_full.jpg
